ID,time,S_pro_real
0,0.0,0.0
1,0.0,0.0
2,0.0,0.0
3,0.0,0.0
4,0.0,0.0
5,0.0,0.0
6,0.0,0.0
7,0.0,0.0
8,0.0,0.0
9,0.0,0.0
10,0.0,0.0
11,0.0,0.0
12,0.0,0.0
13,0.0,0.0
14,0.0,0.0
15,0.0,0.0
16,0.0,0.0
17,0.0,0.0
18,0.0,0.0
0,40.0,0.0
1,40.0,0.0
2,40.0,0.4015242097028323
3,40.0,0.4015242097028323
4,40.0,0.5246657412061343
5,40.0,0.4753342587938657
6,40.0,0.0
7,40.0,0.0
8,40.0,0.5246657412061343
9,40.0,0.0
10,40.0,0.4015242097028323
11,40.0,0.0
12,40.0,0.0
13,40.0,0.0
14,40.0,0.0
15,40.0,0.4015242097028323
16,40.0,0.4015242097028323
17,40.0,0.0
18,40.0,1.0
20,40.0,0.4753342587938657
0,80.0,0.5246657412061343
1,80.0,0.0
2,80.0,0.5246657412061343
3,80.0,0.5246657412061343
4,80.0,0.5246657412061343
5,80.0,0.5246657412061343
6,80.0,0.5246657412061343
7,80.0,0.5246657412061343
8,80.0,0.5246657412061343
9,80.0,0.5246657412061343
10,80.0,0.5246657412061343
11,80.0,0.5246657412061343
12,80.0,0.5246657412061343
13,80.0,0.5246657412061343
14,80.0,0.5246657412061343
15,80.0,0.4015242097028323
16,80.0,0.4015242097028323
17,80.0,0.5246657412061343
18,80.0,1.0
20,80.0,0.5246657412061343
0,120.0,0.5246657412061343
1,120.0,0.0
2,120.0,0.5246657412061343
3,120.0,0.5246657412061343
4,120.0,0.5246657412061343
5,120.0,0.5246657412061343
6,120.0,0.5246657412061343
7,120.0,0.5246657412061343
8,120.0,0.5246657412061343
9,120.0,0.5246657412061343
10,120.0,0.5246657412061343
11,120.0,0.5246657412061343
12,120.0,0.5246657412061343
13,120.0,0.5246657412061343
14,120.0,0.5246657412061343
15,120.0,0.4015242097028323
16,120.0,0.5246657412061343
17,120.0,0.5246657412061343
18,120.0,0.5246657412061343
20,120.0,0.5246657412061343
0,160.0,0.5246657412061343
1,160.0,0.0
2,160.0,0.5246657412061343
3,160.0,0.5246657412061343
4,160.0,0.5246657412061343
5,160.0,0.5246657412061343
6,160.0,0.5246657412061343
7,160.0,0.5246657412061343
8,160.0,0.5246657412061343
9,160.0,0.5246657412061343
10,160.0,0.5246657412061343
11,160.0,0.5246657412061343
12,160.0,0.5246657412061343
13,160.0,0.5246657412061343
14,160.0,0.5246657412061343
15,160.0,0.4015242097028323
16,160.0,0.5246657412061343
17,160.0,0.5246657412061343
18,160.0,0.5246657412061343
20,160.0,0.5246657412061343
21,160.0,0.5246657412061343
22,160.0,0.5246657412061343
23,160.0,0.5246657412061343
0,200.0,0.5246657412061343
1,200.0,0.0
2,200.0,0.5246657412061343
3,200.0,0.5246657412061343
4,200.0,0.5246657412061343
5,200.0,0.5246657412061343
6,200.0,0.5246657412061343
7,200.0,0.5246657412061343
8,200.0,0.5246657412061343
9,200.0,0.5246657412061343
10,200.0,0.5246657412061343
11,200.0,0.5246657412061343
12,200.0,0.5246657412061343
13,200.0,0.5246657412061343
14,200.0,0.5246657412061343
15,200.0,0.4015242097028323
16,200.0,0.5246657412061343
17,200.0,0.5246657412061343
18,200.0,0.5246657412061343
20,200.0,1.0
21,200.0,0.5246657412061343
22,200.0,0.5246657412061343
23,200.0,0.5246657412061343
24,200.0,0.5246657412061343
0,240.0,0.5246657412061343
1,240.0,0.0
2,240.0,0.5246657412061343
3,240.0,0.5246657412061343
4,240.0,0.5246657412061343
5,240.0,0.5246657412061343
6,240.0,0.5246657412061343
7,240.0,0.5246657412061343
8,240.0,0.5246657412061343
9,240.0,0.5246657412061343
10,240.0,0.5246657412061343
11,240.0,0.5246657412061343
12,240.0,0.5246657412061343
13,240.0,0.5246657412061343
14,240.0,0.5246657412061343
15,240.0,0.4015242097028323
16,240.0,0.5246657412061343
17,240.0,0.5246657412061343
18,240.0,0.5246657412061343
20,240.0,1.0
21,240.0,0.5246657412061343
22,240.0,0.5246657412061343
23,240.0,0.5246657412061343
24,240.0,0.5246657412061343
0,280.0,0.5246657412061343
1,280.0,0.0
2,280.0,0.5246657412061343
3,280.0,0.5246657412061343
4,280.0,0.5246657412061343
5,280.0,0.5246657412061343
6,280.0,0.5246657412061343
7,280.0,0.5246657412061343
8,280.0,0.5246657412061343
9,280.0,0.5246657412061343
10,280.0,0.5246657412061343
11,280.0,0.5246657412061343
12,280.0,0.5246657412061343
13,280.0,0.5246657412061343
14,280.0,0.5246657412061343
15,280.0,0.4015242097028323
16,280.0,0.5246657412061343
17,280.0,0.5246657412061343
18,280.0,0.5246657412061343
20,280.0,1.0
21,280.0,0.5246657412061343
22,280.0,0.5246657412061343
23,280.0,0.5246657412061343
24,280.0,0.5246657412061343
0,320.0,0.5246657412061343
1,320.0,0.0
2,320.0,0.5246657412061343
3,320.0,0.5246657412061343
4,320.0,0.5246657412061343
5,320.0,0.5246657412061343
6,320.0,0.5246657412061343
7,320.0,0.5246657412061343
8,320.0,0.5246657412061343
9,320.0,0.5246657412061343
10,320.0,0.5246657412061343
11,320.0,0.5246657412061343
12,320.0,0.5246657412061343
13,320.0,0.5246657412061343
14,320.0,0.5246657412061343
15,320.0,0.4015242097028323
16,320.0,0.5246657412061343
17,320.0,0.5246657412061343
18,320.0,0.5246657412061343
20,320.0,0.5246657412061343
21,320.0,0.5246657412061343
22,320.0,0.5246657412061343
23,320.0,0.5246657412061343
24,320.0,0.5246657412061343
0,360.0,0.5246657412061343
1,360.0,0.0
2,360.0,0.5246657412061343
3,360.0,0.5246657412061343
4,360.0,0.5246657412061343
5,360.0,0.5246657412061343
6,360.0,0.5246657412061343
7,360.0,0.5246657412061343
8,360.0,0.5246657412061343
9,360.0,0.5246657412061343
10,360.0,0.5246657412061343
11,360.0,0.5246657412061343
12,360.0,0.5246657412061343
13,360.0,0.5246657412061343
14,360.0,0.5246657412061343
15,360.0,0.4015242097028323
16,360.0,0.5246657412061343
17,360.0,0.5246657412061343
18,360.0,0.5246657412061343
20,360.0,0.5246657412061343
21,360.0,0.5246657412061343
22,360.0,0.5246657412061343
23,360.0,0.5246657412061343
24,360.0,0.5246657412061343
0,400.0,0.5246657412061343
1,400.0,0.0
2,400.0,0.5246657412061343
3,400.0,0.5246657412061343
4,400.0,0.5246657412061343
5,400.0,0.5246657412061343
6,400.0,0.5246657412061343
7,400.0,0.5246657412061343
8,400.0,0.5246657412061343
9,400.0,0.5246657412061343
10,400.0,0.5246657412061343
11,400.0,0.5246657412061343
12,400.0,0.5246657412061343
13,400.0,0.5246657412061343
14,400.0,0.5246657412061343
15,400.0,0.4015242097028323
16,400.0,0.5246657412061343
17,400.0,0.5246657412061343
18,400.0,0.5246657412061343
20,400.0,0.5246657412061343
21,400.0,0.5246657412061343
22,400.0,0.5246657412061343
23,400.0,0.5246657412061343
24,400.0,0.5246657412061343
25,400.0,0.5246657412061343
0,440.0,0.5246657412061343
1,440.0,0.0
2,440.0,0.5246657412061343
3,440.0,0.5246657412061343
4,440.0,0.5246657412061343
5,440.0,0.5246657412061343
6,440.0,0.5246657412061343
7,440.0,0.5246657412061343
8,440.0,0.5246657412061343
9,440.0,0.5246657412061343
10,440.0,0.5246657412061343
11,440.0,0.5246657412061343
12,440.0,0.5246657412061343
13,440.0,0.5246657412061343
14,440.0,0.5246657412061343
15,440.0,0.4015242097028323
16,440.0,0.5246657412061343
17,440.0,0.5246657412061343
18,440.0,0.5246657412061343
20,440.0,0.5246657412061343
21,440.0,0.5246657412061343
22,440.0,0.5246657412061343
23,440.0,0.5246657412061343
24,440.0,0.5246657412061343
25,440.0,0.5246657412061343
26,440.0,0.5246657412061343
0,480.0,0.5246657412061343
1,480.0,0.0
2,480.0,0.5246657412061343
3,480.0,0.5246657412061343
4,480.0,0.5246657412061343
5,480.0,0.5246657412061343
6,480.0,0.5246657412061343
7,480.0,0.5246657412061343
8,480.0,0.5246657412061343
9,480.0,0.5246657412061343
10,480.0,0.5246657412061343
11,480.0,0.5246657412061343
12,480.0,0.5246657412061343
13,480.0,0.5246657412061343
14,480.0,0.5246657412061343
15,480.0,0.4015242097028323
16,480.0,0.5246657412061343
17,480.0,0.5246657412061343
18,480.0,0.5246657412061343
20,480.0,0.5246657412061343
21,480.0,0.5246657412061343
22,480.0,0.5246657412061343
23,480.0,0.5246657412061343
24,480.0,0.5246657412061343
25,480.0,0.5246657412061343
26,480.0,0.5246657412061343
0,520.0,0.5246657412061343
1,520.0,0.0
2,520.0,0.5246657412061343
3,520.0,0.5246657412061343
4,520.0,0.5246657412061343
5,520.0,0.5246657412061343
6,520.0,0.5246657412061343
7,520.0,0.5246657412061343
8,520.0,0.5246657412061343
9,520.0,0.5246657412061343
10,520.0,0.5246657412061343
11,520.0,0.5246657412061343
12,520.0,0.5246657412061343
13,520.0,0.5246657412061343
14,520.0,0.5246657412061343
15,520.0,0.4015242097028323
16,520.0,0.5246657412061343
17,520.0,0.5246657412061343
18,520.0,0.5246657412061343
20,520.0,0.5246657412061343
21,520.0,0.5246657412061343
22,520.0,0.5246657412061343
23,520.0,0.5246657412061343
24,520.0,0.5246657412061343
25,520.0,0.5246657412061343
26,520.0,0.5246657412061343
27,520.0,0.5246657412061343
0,560.0,0.5246657412061343
26,560.0,0.5246657412061343
2,560.0,0.5246657412061343
3,560.0,0.5246657412061343
4,560.0,0.5246657412061343
5,560.0,0.5246657412061343
6,560.0,0.5246657412061343
7,560.0,0.5246657412061343
8,560.0,0.5246657412061343
9,560.0,0.5246657412061343
10,560.0,0.5246657412061343
11,560.0,0.5246657412061343
12,560.0,0.5246657412061343
13,560.0,0.5246657412061343
14,560.0,0.5246657412061343
27,560.0,0.5246657412061343
16,560.0,0.5246657412061343
17,560.0,0.5246657412061343
18,560.0,0.5246657412061343
20,560.0,0.5246657412061343
21,560.0,0.5246657412061343
22,560.0,0.5246657412061343
23,560.0,0.5246657412061343
24,560.0,0.5246657412061343
25,560.0,0.5246657412061343
0,600.0,0.5246657412061343
26,600.0,0.5246657412061343
2,600.0,0.5246657412061343
3,600.0,0.5246657412061343
4,600.0,0.5246657412061343
5,600.0,0.5246657412061343
6,600.0,0.5246657412061343
7,600.0,0.5246657412061343
8,600.0,0.5246657412061343
9,600.0,0.5246657412061343
10,600.0,0.5246657412061343
11,600.0,0.5246657412061343
12,600.0,0.5246657412061343
13,600.0,0.5246657412061343
14,600.0,0.5246657412061343
27,600.0,0.5246657412061343
16,600.0,0.5246657412061343
17,600.0,0.5246657412061343
18,600.0,0.5246657412061343
20,600.0,0.5246657412061343
21,600.0,0.5246657412061343
22,600.0,0.5246657412061343
23,600.0,0.5246657412061343
24,600.0,0.5246657412061343
25,600.0,0.5246657412061343
0,640.0,0.5246657412061343
26,640.0,0.5246657412061343
2,640.0,0.5246657412061343
3,640.0,0.5246657412061343
4,640.0,0.5246657412061343
5,640.0,0.5246657412061343
6,640.0,0.5246657412061343
7,640.0,0.5246657412061343
8,640.0,0.5246657412061343
9,640.0,0.5246657412061343
10,640.0,0.5246657412061343
11,640.0,0.5246657412061343
12,640.0,0.5246657412061343
13,640.0,0.5246657412061343
14,640.0,0.5246657412061343
27,640.0,0.5246657412061343
16,640.0,0.5246657412061343
17,640.0,0.5246657412061343
18,640.0,0.5246657412061343
20,640.0,0.5246657412061343
21,640.0,0.5246657412061343
22,640.0,0.5246657412061343
23,640.0,0.5246657412061343
24,640.0,0.5246657412061343
25,640.0,0.5246657412061343
0,680.0,0.5246657412061343
26,680.0,0.5246657412061343
2,680.0,0.5246657412061343
3,680.0,0.5246657412061343
4,680.0,0.5246657412061343
5,680.0,0.5246657412061343
6,680.0,0.5246657412061343
7,680.0,0.5246657412061343
8,680.0,0.5246657412061343
9,680.0,0.5246657412061343
10,680.0,0.5246657412061343
11,680.0,0.5246657412061343
12,680.0,0.5246657412061343
13,680.0,0.5246657412061343
14,680.0,0.5246657412061343
27,680.0,0.5246657412061343
16,680.0,0.5246657412061343
17,680.0,0.5246657412061343
18,680.0,0.5246657412061343
20,680.0,0.5246657412061343
21,680.0,0.5246657412061343
22,680.0,0.5246657412061343
23,680.0,0.5246657412061343
24,680.0,0.5246657412061343
25,680.0,0.5246657412061343
0,720.0,0.5246657412061343
26,720.0,0.5246657412061343
2,720.0,0.5246657412061343
3,720.0,0.5246657412061343
4,720.0,0.5246657412061343
5,720.0,0.5246657412061343
6,720.0,0.5246657412061343
7,720.0,0.5246657412061343
8,720.0,0.5246657412061343
9,720.0,0.5246657412061343
10,720.0,0.5246657412061343
11,720.0,0.5246657412061343
12,720.0,0.5246657412061343
13,720.0,0.5246657412061343
14,720.0,0.5246657412061343
27,720.0,0.5246657412061343
16,720.0,0.5246657412061343
17,720.0,0.5246657412061343
18,720.0,0.5246657412061343
20,720.0,0.5246657412061343
21,720.0,0.5246657412061343
22,720.0,0.5246657412061343
23,720.0,0.5246657412061343
24,720.0,0.5246657412061343
25,720.0,0.5246657412061343
0,760.0,0.5246657412061343
26,760.0,0.5246657412061343
2,760.0,0.5246657412061343
3,760.0,0.5246657412061343
4,760.0,0.5246657412061343
5,760.0,0.5246657412061343
6,760.0,0.5246657412061343
7,760.0,0.5246657412061343
8,760.0,0.5246657412061343
9,760.0,0.5246657412061343
10,760.0,0.5246657412061343
11,760.0,0.5246657412061343
12,760.0,0.5246657412061343
13,760.0,0.5246657412061343
14,760.0,0.5246657412061343
27,760.0,0.5246657412061343
16,760.0,0.5246657412061343
17,760.0,0.5246657412061343
18,760.0,0.5246657412061343
20,760.0,0.5246657412061343
21,760.0,0.5246657412061343
22,760.0,0.5246657412061343
23,760.0,0.5246657412061343
24,760.0,0.5246657412061343
25,760.0,0.5246657412061343
0,800.0,0.5246657412061343
26,800.0,0.5246657412061343
2,800.0,0.5246657412061343
3,800.0,0.5246657412061343
4,800.0,0.5246657412061343
5,800.0,0.5246657412061343
6,800.0,0.5246657412061343
7,800.0,0.5246657412061343
8,800.0,0.5246657412061343
9,800.0,0.5246657412061343
10,800.0,0.5246657412061343
11,800.0,0.5246657412061343
12,800.0,0.5246657412061343
13,800.0,0.5246657412061343
14,800.0,0.5246657412061343
27,800.0,0.5246657412061343
16,800.0,0.5246657412061343
17,800.0,0.5246657412061343
18,800.0,0.5246657412061343
20,800.0,0.5246657412061343
21,800.0,0.5246657412061343
22,800.0,0.5246657412061343
23,800.0,0.5246657412061343
24,800.0,0.5246657412061343
25,800.0,0.5246657412061343
0,840.0,0.5246657412061343
26,840.0,0.5246657412061343
2,840.0,0.5246657412061343
3,840.0,0.5246657412061343
4,840.0,0.5246657412061343
5,840.0,0.5246657412061343
6,840.0,0.5246657412061343
7,840.0,0.5246657412061343
8,840.0,0.5246657412061343
9,840.0,0.5246657412061343
10,840.0,0.5246657412061343
11,840.0,0.5246657412061343
12,840.0,0.5246657412061343
13,840.0,0.5246657412061343
14,840.0,0.5246657412061343
27,840.0,0.5246657412061343
16,840.0,0.5246657412061343
17,840.0,0.5246657412061343
18,840.0,0.5246657412061343
20,840.0,0.5246657412061343
21,840.0,0.5246657412061343
22,840.0,0.5246657412061343
23,840.0,0.5246657412061343
24,840.0,0.5246657412061343
25,840.0,0.5246657412061343
28,840.0,0.5246657412061343
29,840.0,0.5246657412061343
0,880.0,0.5246657412061343
26,880.0,0.5246657412061343
2,880.0,0.5246657412061343
3,880.0,0.5246657412061343
4,880.0,0.5246657412061343
5,880.0,0.5246657412061343
6,880.0,0.5246657412061343
7,880.0,0.5246657412061343
8,880.0,0.5246657412061343
9,880.0,0.5246657412061343
10,880.0,0.5246657412061343
11,880.0,0.5246657412061343
12,880.0,0.5246657412061343
13,880.0,0.5246657412061343
14,880.0,0.5246657412061343
27,880.0,0.5246657412061343
16,880.0,0.5246657412061343
17,880.0,0.5246657412061343
18,880.0,0.5246657412061343
20,880.0,0.5246657412061343
21,880.0,0.5246657412061343
22,880.0,0.5246657412061343
23,880.0,0.5246657412061343
24,880.0,0.5246657412061343
25,880.0,0.5246657412061343
28,880.0,0.5246657412061343
29,880.0,0.5246657412061343
0,920.0,0.5246657412061343
26,920.0,0.5246657412061343
2,920.0,0.5246657412061343
3,920.0,0.5246657412061343
4,920.0,0.5246657412061343
5,920.0,0.5246657412061343
6,920.0,0.5246657412061343
7,920.0,0.5246657412061343
8,920.0,0.5246657412061343
9,920.0,0.5246657412061343
10,920.0,0.5246657412061343
11,920.0,0.5246657412061343
12,920.0,0.5246657412061343
13,920.0,0.5246657412061343
14,920.0,0.5246657412061343
27,920.0,0.5246657412061343
16,920.0,0.5246657412061343
17,920.0,0.5246657412061343
18,920.0,0.5246657412061343
20,920.0,0.5246657412061343
21,920.0,0.5246657412061343
22,920.0,0.5246657412061343
23,920.0,0.5246657412061343
24,920.0,0.5246657412061343
25,920.0,0.5246657412061343
28,920.0,0.5246657412061343
29,920.0,0.5246657412061343
0,960.0,0.5246657412061343
26,960.0,0.5246657412061343
2,960.0,0.5246657412061343
3,960.0,0.5246657412061343
4,960.0,0.5246657412061343
5,960.0,0.5246657412061343
6,960.0,0.5246657412061343
7,960.0,0.5246657412061343
8,960.0,0.5246657412061343
9,960.0,0.5246657412061343
10,960.0,0.5246657412061343
11,960.0,0.5246657412061343
12,960.0,0.5246657412061343
13,960.0,0.5246657412061343
14,960.0,0.5246657412061343
27,960.0,0.5246657412061343
16,960.0,0.5246657412061343
29,960.0,0.5246657412061343
18,960.0,0.5246657412061343
20,960.0,0.5246657412061343
21,960.0,0.5246657412061343
22,960.0,0.5246657412061343
23,960.0,0.5246657412061343
24,960.0,0.5246657412061343
25,960.0,0.5246657412061343
28,960.0,0.5246657412061343
30,960.0,0.5246657412061343
0,1000.0,0.5246657412061343
26,1000.0,0.5246657412061343
2,1000.0,0.5246657412061343
3,1000.0,0.5246657412061343
4,1000.0,0.5246657412061343
5,1000.0,0.5246657412061343
6,1000.0,0.5246657412061343
7,1000.0,0.5246657412061343
8,1000.0,0.5246657412061343
9,1000.0,0.5246657412061343
10,1000.0,0.5246657412061343
11,1000.0,0.5246657412061343
12,1000.0,0.5246657412061343
13,1000.0,0.5246657412061343
14,1000.0,0.5246657412061343
27,1000.0,0.5246657412061343
16,1000.0,0.5246657412061343
29,1000.0,0.5246657412061343
18,1000.0,0.5246657412061343
20,1000.0,0.5246657412061343
21,1000.0,0.5246657412061343
22,1000.0,0.5246657412061343
23,1000.0,0.5246657412061343
24,1000.0,0.5246657412061343
25,1000.0,0.5246657412061343
28,1000.0,0.5246657412061343
30,1000.0,0.5246657412061343
0,1040.0,0.5246657412061343
26,1040.0,0.5246657412061343
2,1040.0,0.5246657412061343
3,1040.0,0.5246657412061343
4,1040.0,0.5246657412061343
5,1040.0,0.5246657412061343
6,1040.0,0.5246657412061343
7,1040.0,0.5246657412061343
8,1040.0,0.5246657412061343
9,1040.0,0.5246657412061343
10,1040.0,0.5246657412061343
11,1040.0,0.5246657412061343
12,1040.0,0.5246657412061343
13,1040.0,0.5246657412061343
14,1040.0,0.5246657412061343
27,1040.0,0.5246657412061343
16,1040.0,0.5246657412061343
29,1040.0,0.5246657412061343
18,1040.0,0.5246657412061343
20,1040.0,0.5246657412061343
21,1040.0,0.5246657412061343
22,1040.0,0.5246657412061343
23,1040.0,0.5246657412061343
24,1040.0,0.5246657412061343
25,1040.0,0.5246657412061343
28,1040.0,0.5246657412061343
30,1040.0,0.5246657412061343
0,1080.0,0.5246657412061343
26,1080.0,0.5246657412061343
2,1080.0,0.5246657412061343
3,1080.0,0.5246657412061343
4,1080.0,0.5246657412061343
5,1080.0,0.5246657412061343
6,1080.0,0.5246657412061343
7,1080.0,0.5246657412061343
8,1080.0,0.5246657412061343
9,1080.0,0.5246657412061343
10,1080.0,0.5246657412061343
11,1080.0,0.5246657412061343
12,1080.0,0.5246657412061343
13,1080.0,0.5246657412061343
14,1080.0,0.5246657412061343
27,1080.0,0.5246657412061343
16,1080.0,0.5246657412061343
29,1080.0,0.5246657412061343
18,1080.0,0.5246657412061343
20,1080.0,0.5246657412061343
21,1080.0,0.5246657412061343
22,1080.0,0.5246657412061343
23,1080.0,0.5246657412061343
24,1080.0,0.5246657412061343
25,1080.0,0.5246657412061343
28,1080.0,0.5246657412061343
30,1080.0,0.5246657412061343
0,1120.0,0.5246657412061343
26,1120.0,0.5246657412061343
2,1120.0,0.5246657412061343
3,1120.0,0.5246657412061343
4,1120.0,0.5246657412061343
5,1120.0,0.5246657412061343
6,1120.0,0.5246657412061343
7,1120.0,0.5246657412061343
8,1120.0,0.5246657412061343
9,1120.0,0.5246657412061343
10,1120.0,0.5246657412061343
11,1120.0,0.5246657412061343
12,1120.0,0.5246657412061343
13,1120.0,0.5246657412061343
14,1120.0,0.5246657412061343
27,1120.0,0.5246657412061343
16,1120.0,0.5246657412061343
29,1120.0,0.5246657412061343
18,1120.0,0.5246657412061343
20,1120.0,0.5246657412061343
21,1120.0,0.5246657412061343
22,1120.0,0.5246657412061343
23,1120.0,0.5246657412061343
24,1120.0,0.5246657412061343
25,1120.0,0.5246657412061343
28,1120.0,0.5246657412061343
30,1120.0,0.5246657412061343
0,1160.0,0.5246657412061343
26,1160.0,0.5246657412061343
2,1160.0,0.5246657412061343
3,1160.0,0.5246657412061343
4,1160.0,0.5246657412061343
5,1160.0,0.5246657412061343
6,1160.0,0.5246657412061343
7,1160.0,0.5246657412061343
8,1160.0,0.5246657412061343
9,1160.0,0.5246657412061343
10,1160.0,0.5246657412061343
11,1160.0,0.5246657412061343
12,1160.0,0.5246657412061343
13,1160.0,0.5246657412061343
14,1160.0,0.5246657412061343
27,1160.0,0.5246657412061343
16,1160.0,0.5246657412061343
29,1160.0,0.5246657412061343
18,1160.0,0.5246657412061343
20,1160.0,0.5246657412061343
21,1160.0,0.5246657412061343
22,1160.0,0.5246657412061343
23,1160.0,0.5246657412061343
24,1160.0,0.5246657412061343
25,1160.0,0.5246657412061343
28,1160.0,0.5246657412061343
30,1160.0,0.5246657412061343
0,1200.0,0.5246657412061343
26,1200.0,0.5246657412061343
2,1200.0,0.5246657412061343
3,1200.0,0.5246657412061343
4,1200.0,0.5246657412061343
5,1200.0,0.5246657412061343
6,1200.0,0.5246657412061343
7,1200.0,0.5246657412061343
8,1200.0,0.5246657412061343
9,1200.0,0.5246657412061343
10,1200.0,0.5246657412061343
11,1200.0,0.5246657412061343
12,1200.0,0.5246657412061343
13,1200.0,0.5246657412061343
14,1200.0,0.5246657412061343
27,1200.0,0.5246657412061343
16,1200.0,0.5246657412061343
29,1200.0,0.5246657412061343
18,1200.0,0.5246657412061343
20,1200.0,0.5246657412061343
21,1200.0,0.5246657412061343
22,1200.0,0.5246657412061343
23,1200.0,0.5246657412061343
24,1200.0,0.5246657412061343
30,1200.0,0.5246657412061343
28,1200.0,0.5246657412061343
0,1240.0,0.5246657412061343
26,1240.0,0.5246657412061343
2,1240.0,0.5246657412061343
3,1240.0,0.5246657412061343
4,1240.0,0.5246657412061343
5,1240.0,0.5246657412061343
6,1240.0,0.5246657412061343
7,1240.0,0.5246657412061343
8,1240.0,0.5246657412061343
9,1240.0,0.5246657412061343
10,1240.0,0.5246657412061343
11,1240.0,0.5246657412061343
12,1240.0,0.5246657412061343
13,1240.0,0.5246657412061343
14,1240.0,0.5246657412061343
27,1240.0,0.5246657412061343
16,1240.0,0.5246657412061343
29,1240.0,0.5246657412061343
18,1240.0,0.5246657412061343
20,1240.0,0.5246657412061343
21,1240.0,0.5246657412061343
22,1240.0,0.5246657412061343
23,1240.0,0.5246657412061343
24,1240.0,0.5246657412061343
30,1240.0,0.5246657412061343
28,1240.0,0.5246657412061343
0,1280.0,0.5246657412061343
26,1280.0,0.5246657412061343
2,1280.0,0.5246657412061343
3,1280.0,0.5246657412061343
4,1280.0,0.5246657412061343
5,1280.0,0.5246657412061343
6,1280.0,0.5246657412061343
7,1280.0,0.5246657412061343
8,1280.0,0.5246657412061343
9,1280.0,0.5246657412061343
10,1280.0,0.5246657412061343
11,1280.0,0.5246657412061343
12,1280.0,0.5246657412061343
13,1280.0,0.5246657412061343
14,1280.0,0.5246657412061343
27,1280.0,0.5246657412061343
16,1280.0,0.5246657412061343
29,1280.0,0.5246657412061343
18,1280.0,0.5246657412061343
20,1280.0,0.5246657412061343
21,1280.0,0.5246657412061343
22,1280.0,0.5246657412061343
23,1280.0,0.5246657412061343
24,1280.0,0.5246657412061343
30,1280.0,0.5246657412061343
28,1280.0,0.5246657412061343
31,1280.0,0.5246657412061343
0,1320.0,0.5246657412061343
26,1320.0,0.5246657412061343
2,1320.0,0.5246657412061343
3,1320.0,0.5246657412061343
4,1320.0,0.5246657412061343
5,1320.0,0.5246657412061343
6,1320.0,0.5246657412061343
7,1320.0,0.5246657412061343
8,1320.0,0.5246657412061343
9,1320.0,0.5246657412061343
10,1320.0,0.5246657412061343
11,1320.0,0.5246657412061343
31,1320.0,0.5246657412061343
13,1320.0,0.5246657412061343
14,1320.0,0.5246657412061343
27,1320.0,0.5246657412061343
16,1320.0,0.5246657412061343
29,1320.0,0.5246657412061343
18,1320.0,0.5246657412061343
20,1320.0,0.5246657412061343
21,1320.0,0.5246657412061343
22,1320.0,0.5246657412061343
23,1320.0,0.5246657412061343
24,1320.0,0.5246657412061343
30,1320.0,0.5246657412061343
28,1320.0,0.5246657412061343
0,1360.0,0.5246657412061343
26,1360.0,0.5246657412061343
2,1360.0,0.5246657412061343
3,1360.0,0.5246657412061343
4,1360.0,0.5246657412061343
5,1360.0,0.5246657412061343
6,1360.0,0.5246657412061343
7,1360.0,0.5246657412061343
8,1360.0,0.5246657412061343
9,1360.0,0.5246657412061343
10,1360.0,0.5246657412061343
11,1360.0,0.5246657412061343
31,1360.0,0.5246657412061343
13,1360.0,0.5246657412061343
14,1360.0,0.5246657412061343
27,1360.0,0.5246657412061343
16,1360.0,0.5246657412061343
29,1360.0,0.5246657412061343
18,1360.0,0.5246657412061343
20,1360.0,0.5246657412061343
21,1360.0,0.5246657412061343
22,1360.0,0.5246657412061343
23,1360.0,0.5246657412061343
24,1360.0,0.5246657412061343
30,1360.0,0.5246657412061343
28,1360.0,0.5246657412061343
32,1360.0,0.5246657412061343
0,1400.0,0.5246657412061343
26,1400.0,0.5246657412061343
2,1400.0,0.5246657412061343
3,1400.0,0.5246657412061343
4,1400.0,0.5246657412061343
5,1400.0,0.5246657412061343
6,1400.0,0.5246657412061343
7,1400.0,0.5246657412061343
8,1400.0,0.5246657412061343
9,1400.0,0.5246657412061343
10,1400.0,0.5246657412061343
11,1400.0,0.5246657412061343
31,1400.0,0.5246657412061343
13,1400.0,0.5246657412061343
14,1400.0,0.5246657412061343
27,1400.0,0.5246657412061343
16,1400.0,0.5246657412061343
29,1400.0,1.0
18,1400.0,0.5246657412061343
20,1400.0,0.5246657412061343
21,1400.0,0.5246657412061343
22,1400.0,0.5246657412061343
23,1400.0,0.5246657412061343
24,1400.0,0.5246657412061343
30,1400.0,0.5246657412061343
28,1400.0,0.5246657412061343
32,1400.0,0.5246657412061343
0,1440.0,0.5246657412061343
26,1440.0,0.5246657412061343
2,1440.0,0.5246657412061343
3,1440.0,0.5246657412061343
4,1440.0,0.5246657412061343
5,1440.0,0.5246657412061343
6,1440.0,0.5246657412061343
7,1440.0,0.5246657412061343
8,1440.0,0.5246657412061343
9,1440.0,0.5246657412061343
10,1440.0,0.5246657412061343
11,1440.0,0.5246657412061343
31,1440.0,0.5246657412061343
13,1440.0,0.5246657412061343
14,1440.0,0.5246657412061343
27,1440.0,0.5246657412061343
16,1440.0,0.5246657412061343
29,1440.0,0.5246657412061343
18,1440.0,0.5246657412061343
20,1440.0,0.5246657412061343
21,1440.0,0.5246657412061343
22,1440.0,0.5246657412061343
23,1440.0,0.5246657412061343
24,1440.0,0.5246657412061343
30,1440.0,0.5246657412061343
28,1440.0,0.5246657412061343
32,1440.0,0.5246657412061343
0,1480.0,0.5246657412061343
26,1480.0,0.5246657412061343
2,1480.0,0.5246657412061343
3,1480.0,0.5246657412061343
4,1480.0,0.5246657412061343
5,1480.0,0.5246657412061343
6,1480.0,0.5246657412061343
7,1480.0,0.5246657412061343
8,1480.0,0.5246657412061343
9,1480.0,0.5246657412061343
10,1480.0,0.5246657412061343
11,1480.0,0.5246657412061343
31,1480.0,0.5246657412061343
13,1480.0,0.5246657412061343
14,1480.0,0.5246657412061343
27,1480.0,0.5246657412061343
16,1480.0,0.5246657412061343
29,1480.0,0.5246657412061343
18,1480.0,0.5246657412061343
20,1480.0,0.5246657412061343
21,1480.0,0.5246657412061343
22,1480.0,0.5246657412061343
23,1480.0,0.5246657412061343
24,1480.0,0.5246657412061343
30,1480.0,0.5246657412061343
28,1480.0,0.5246657412061343
32,1480.0,0.5246657412061343
0,1520.0,0.5246657412061343
26,1520.0,0.5246657412061343
2,1520.0,0.5246657412061343
3,1520.0,0.5246657412061343
4,1520.0,0.5246657412061343
5,1520.0,0.5246657412061343
6,1520.0,0.5246657412061343
7,1520.0,0.5246657412061343
8,1520.0,0.5246657412061343
9,1520.0,0.5246657412061343
10,1520.0,0.5246657412061343
11,1520.0,0.5246657412061343
31,1520.0,0.5246657412061343
13,1520.0,0.5246657412061343
14,1520.0,0.5246657412061343
27,1520.0,0.5246657412061343
16,1520.0,0.5246657412061343
29,1520.0,0.5246657412061343
18,1520.0,0.5246657412061343
20,1520.0,0.5246657412061343
21,1520.0,0.5246657412061343
22,1520.0,0.5246657412061343
23,1520.0,0.5246657412061343
24,1520.0,0.5246657412061343
30,1520.0,0.5246657412061343
28,1520.0,0.5246657412061343
32,1520.0,0.5246657412061343
0,1560.0,0.5246657412061343
26,1560.0,0.5246657412061343
2,1560.0,0.5246657412061343
3,1560.0,0.5246657412061343
4,1560.0,0.5246657412061343
5,1560.0,0.5246657412061343
6,1560.0,0.5246657412061343
7,1560.0,0.5246657412061343
8,1560.0,0.5246657412061343
9,1560.0,0.5246657412061343
10,1560.0,0.5246657412061343
11,1560.0,0.5246657412061343
31,1560.0,0.5246657412061343
13,1560.0,0.5246657412061343
14,1560.0,0.5246657412061343
27,1560.0,0.5246657412061343
16,1560.0,0.5246657412061343
29,1560.0,0.5246657412061343
18,1560.0,0.5246657412061343
20,1560.0,1.0
21,1560.0,0.5246657412061343
22,1560.0,0.5246657412061343
23,1560.0,0.5246657412061343
24,1560.0,0.5246657412061343
30,1560.0,0.5246657412061343
28,1560.0,0.5246657412061343
32,1560.0,0.5246657412061343
0,1600.0,0.5246657412061343
26,1600.0,0.5246657412061343
2,1600.0,0.5246657412061343
3,1600.0,0.5246657412061343
4,1600.0,0.5246657412061343
5,1600.0,0.5246657412061343
6,1600.0,0.5246657412061343
7,1600.0,0.5246657412061343
8,1600.0,0.5246657412061343
9,1600.0,0.5246657412061343
10,1600.0,0.5246657412061343
11,1600.0,0.5246657412061343
31,1600.0,0.5246657412061343
13,1600.0,0.5246657412061343
14,1600.0,0.5246657412061343
27,1600.0,0.5246657412061343
16,1600.0,0.5246657412061343
29,1600.0,0.5246657412061343
18,1600.0,0.5246657412061343
20,1600.0,0.5246657412061343
21,1600.0,0.5246657412061343
22,1600.0,0.5246657412061343
23,1600.0,0.5246657412061343
24,1600.0,0.5246657412061343
30,1600.0,0.5246657412061343
28,1600.0,0.5246657412061343
32,1600.0,0.5246657412061343
0,1640.0,0.5246657412061343
26,1640.0,0.5246657412061343
2,1640.0,0.5246657412061343
3,1640.0,0.5246657412061343
4,1640.0,0.5246657412061343
5,1640.0,0.5246657412061343
6,1640.0,0.5246657412061343
7,1640.0,0.5246657412061343
8,1640.0,0.5246657412061343
9,1640.0,0.5246657412061343
10,1640.0,0.5246657412061343
11,1640.0,0.5246657412061343
31,1640.0,0.5246657412061343
13,1640.0,0.5246657412061343
14,1640.0,0.5246657412061343
27,1640.0,0.5246657412061343
16,1640.0,0.5246657412061343
29,1640.0,0.5246657412061343
18,1640.0,0.5246657412061343
20,1640.0,0.5246657412061343
21,1640.0,0.5246657412061343
22,1640.0,0.5246657412061343
23,1640.0,0.5246657412061343
24,1640.0,0.5246657412061343
30,1640.0,0.5246657412061343
28,1640.0,0.5246657412061343
32,1640.0,0.5246657412061343
0,1680.0,0.5246657412061343
26,1680.0,0.5246657412061343
2,1680.0,0.5246657412061343
3,1680.0,0.5246657412061343
4,1680.0,0.5246657412061343
5,1680.0,0.5246657412061343
6,1680.0,0.5246657412061343
7,1680.0,0.5246657412061343
8,1680.0,0.5246657412061343
9,1680.0,0.5246657412061343
10,1680.0,0.5246657412061343
11,1680.0,0.5246657412061343
31,1680.0,0.5246657412061343
13,1680.0,0.5246657412061343
14,1680.0,0.5246657412061343
27,1680.0,0.5246657412061343
16,1680.0,0.5246657412061343
29,1680.0,0.5246657412061343
18,1680.0,0.5246657412061343
20,1680.0,0.5246657412061343
21,1680.0,0.5246657412061343
22,1680.0,0.5246657412061343
23,1680.0,0.5246657412061343
24,1680.0,0.5246657412061343
30,1680.0,0.5246657412061343
28,1680.0,0.5246657412061343
32,1680.0,0.5246657412061343
0,1720.0,0.5246657412061343
26,1720.0,0.5246657412061343
2,1720.0,0.5246657412061343
3,1720.0,0.5246657412061343
4,1720.0,0.5246657412061343
5,1720.0,0.5246657412061343
6,1720.0,0.5246657412061343
7,1720.0,0.5246657412061343
8,1720.0,0.5246657412061343
9,1720.0,0.5246657412061343
10,1720.0,0.5246657412061343
11,1720.0,0.5246657412061343
31,1720.0,0.5246657412061343
13,1720.0,0.5246657412061343
14,1720.0,0.5246657412061343
27,1720.0,0.5246657412061343
16,1720.0,0.5246657412061343
29,1720.0,0.5246657412061343
18,1720.0,0.5246657412061343
20,1720.0,0.5246657412061343
21,1720.0,0.5246657412061343
22,1720.0,0.5246657412061343
23,1720.0,0.5246657412061343
24,1720.0,0.5246657412061343
30,1720.0,0.5246657412061343
28,1720.0,0.5246657412061343
32,1720.0,0.5246657412061343
33,1720.0,0.5246657412061343
0,1760.0,0.5246657412061343
26,1760.0,0.5246657412061343
2,1760.0,0.5246657412061343
3,1760.0,0.5246657412061343
4,1760.0,0.5246657412061343
5,1760.0,0.5246657412061343
6,1760.0,0.5246657412061343
7,1760.0,0.5246657412061343
8,1760.0,0.5246657412061343
33,1760.0,0.5246657412061343
10,1760.0,0.5246657412061343
11,1760.0,0.5246657412061343
31,1760.0,0.5246657412061343
13,1760.0,0.5246657412061343
14,1760.0,0.5246657412061343
27,1760.0,0.5246657412061343
16,1760.0,0.5246657412061343
29,1760.0,0.5246657412061343
18,1760.0,0.5246657412061343
20,1760.0,0.5246657412061343
21,1760.0,0.5246657412061343
22,1760.0,0.5246657412061343
23,1760.0,0.5246657412061343
24,1760.0,0.5246657412061343
30,1760.0,0.5246657412061343
28,1760.0,0.5246657412061343
32,1760.0,0.5246657412061343
0,1800.0,0.5246657412061343
26,1800.0,0.5246657412061343
2,1800.0,0.5246657412061343
3,1800.0,0.5246657412061343
4,1800.0,0.5246657412061343
5,1800.0,0.5246657412061343
6,1800.0,0.5246657412061343
7,1800.0,0.5246657412061343
8,1800.0,0.5246657412061343
33,1800.0,0.5246657412061343
10,1800.0,0.5246657412061343
11,1800.0,0.5246657412061343
31,1800.0,0.5246657412061343
13,1800.0,0.5246657412061343
14,1800.0,0.5246657412061343
27,1800.0,0.5246657412061343
16,1800.0,0.5246657412061343
29,1800.0,0.5246657412061343
18,1800.0,0.5246657412061343
20,1800.0,0.5246657412061343
21,1800.0,0.5246657412061343
22,1800.0,0.5246657412061343
23,1800.0,0.5246657412061343
24,1800.0,0.5246657412061343
30,1800.0,0.5246657412061343
28,1800.0,0.5246657412061343
32,1800.0,0.5246657412061343
34,1800.0,0.5246657412061343
0,1840.0,0.5246657412061343
26,1840.0,0.5246657412061343
2,1840.0,0.5246657412061343
3,1840.0,0.5246657412061343
4,1840.0,0.5246657412061343
5,1840.0,0.5246657412061343
6,1840.0,0.5246657412061343
7,1840.0,0.5246657412061343
8,1840.0,0.5246657412061343
33,1840.0,0.5246657412061343
10,1840.0,0.5246657412061343
11,1840.0,0.5246657412061343
31,1840.0,0.5246657412061343
13,1840.0,0.5246657412061343
35,1840.0,0.5246657412061343
27,1840.0,0.5246657412061343
16,1840.0,0.5246657412061343
29,1840.0,0.5246657412061343
18,1840.0,0.5246657412061343
20,1840.0,0.5246657412061343
21,1840.0,0.5246657412061343
22,1840.0,0.5246657412061343
23,1840.0,0.5246657412061343
24,1840.0,0.5246657412061343
30,1840.0,0.5246657412061343
28,1840.0,0.5246657412061343
32,1840.0,0.5246657412061343
34,1840.0,0.5246657412061343
0,1880.0,0.5246657412061343
26,1880.0,0.5246657412061343
2,1880.0,0.5246657412061343
3,1880.0,0.5246657412061343
4,1880.0,0.5246657412061343
5,1880.0,0.5246657412061343
6,1880.0,0.5246657412061343
7,1880.0,0.5246657412061343
8,1880.0,0.5246657412061343
33,1880.0,0.5246657412061343
10,1880.0,0.5246657412061343
11,1880.0,0.5246657412061343
31,1880.0,0.5246657412061343
13,1880.0,0.5246657412061343
35,1880.0,0.5246657412061343
27,1880.0,0.5246657412061343
16,1880.0,0.5246657412061343
29,1880.0,0.5246657412061343
18,1880.0,0.5246657412061343
20,1880.0,0.5246657412061343
21,1880.0,0.5246657412061343
22,1880.0,0.5246657412061343
23,1880.0,0.5246657412061343
24,1880.0,0.5246657412061343
30,1880.0,0.5246657412061343
28,1880.0,0.5246657412061343
32,1880.0,0.5246657412061343
34,1880.0,0.5246657412061343
36,1880.0,0.5246657412061343
0,1920.0,0.5246657412061343
26,1920.0,0.5246657412061343
2,1920.0,0.5246657412061343
3,1920.0,0.5246657412061343
4,1920.0,0.5246657412061343
5,1920.0,0.5246657412061343
6,1920.0,0.5246657412061343
7,1920.0,0.5246657412061343
8,1920.0,0.5246657412061343
33,1920.0,0.5246657412061343
10,1920.0,0.5246657412061343
11,1920.0,0.5246657412061343
31,1920.0,0.5246657412061343
13,1920.0,0.5246657412061343
35,1920.0,0.5246657412061343
27,1920.0,0.5246657412061343
16,1920.0,0.5246657412061343
29,1920.0,0.5246657412061343
18,1920.0,0.5246657412061343
20,1920.0,0.5246657412061343
21,1920.0,0.5246657412061343
22,1920.0,0.5246657412061343
23,1920.0,0.5246657412061343
24,1920.0,0.5246657412061343
30,1920.0,0.5246657412061343
28,1920.0,0.5246657412061343
32,1920.0,0.5246657412061343
34,1920.0,0.5246657412061343
36,1920.0,0.5246657412061343
0,1960.0,0.5246657412061343
26,1960.0,0.5246657412061343
2,1960.0,0.5246657412061343
3,1960.0,0.5246657412061343
4,1960.0,0.5246657412061343
5,1960.0,0.5246657412061343
6,1960.0,0.5246657412061343
7,1960.0,0.5246657412061343
8,1960.0,0.5246657412061343
33,1960.0,0.5246657412061343
10,1960.0,0.5246657412061343
11,1960.0,0.5246657412061343
31,1960.0,0.5246657412061343
13,1960.0,0.5246657412061343
35,1960.0,0.5246657412061343
27,1960.0,0.5246657412061343
16,1960.0,0.5246657412061343
29,1960.0,0.5246657412061343
18,1960.0,0.5246657412061343
20,1960.0,0.5246657412061343
21,1960.0,0.5246657412061343
22,1960.0,0.5246657412061343
23,1960.0,0.5246657412061343
24,1960.0,0.5246657412061343
30,1960.0,0.5246657412061343
28,1960.0,0.5246657412061343
32,1960.0,0.5246657412061343
34,1960.0,0.5246657412061343
36,1960.0,0.5246657412061343
0,2000.0,0.5246657412061343
26,2000.0,0.5246657412061343
2,2000.0,0.5246657412061343
3,2000.0,0.5246657412061343
4,2000.0,0.5246657412061343
5,2000.0,0.5246657412061343
6,2000.0,0.5246657412061343
7,2000.0,0.5246657412061343
8,2000.0,0.5246657412061343
33,2000.0,0.5246657412061343
10,2000.0,0.5246657412061343
11,2000.0,0.5246657412061343
31,2000.0,0.5246657412061343
13,2000.0,0.5246657412061343
35,2000.0,0.5246657412061343
27,2000.0,0.5246657412061343
16,2000.0,0.5246657412061343
29,2000.0,0.5246657412061343
18,2000.0,0.5246657412061343
20,2000.0,0.5246657412061343
21,2000.0,0.5246657412061343
22,2000.0,0.5246657412061343
23,2000.0,0.5246657412061343
24,2000.0,0.5246657412061343
30,2000.0,0.5246657412061343
28,2000.0,0.5246657412061343
32,2000.0,0.5246657412061343
34,2000.0,0.5246657412061343
36,2000.0,0.5246657412061343
37,2000.0,0.5246657412061343
0,2040.0,0.5246657412061343
26,2040.0,0.5246657412061343
2,2040.0,0.5246657412061343
3,2040.0,0.5246657412061343
4,2040.0,0.5246657412061343
5,2040.0,0.5246657412061343
6,2040.0,0.5246657412061343
7,2040.0,0.5246657412061343
8,2040.0,0.5246657412061343
33,2040.0,0.5246657412061343
10,2040.0,0.5246657412061343
11,2040.0,0.5246657412061343
31,2040.0,0.5246657412061343
13,2040.0,0.5246657412061343
35,2040.0,0.5246657412061343
27,2040.0,0.5246657412061343
16,2040.0,0.5246657412061343
29,2040.0,0.5246657412061343
18,2040.0,0.5246657412061343
20,2040.0,0.5246657412061343
21,2040.0,0.5246657412061343
22,2040.0,0.5246657412061343
23,2040.0,0.5246657412061343
24,2040.0,0.5246657412061343
30,2040.0,0.5246657412061343
28,2040.0,0.5246657412061343
32,2040.0,0.5246657412061343
34,2040.0,0.5246657412061343
36,2040.0,0.5246657412061343
37,2040.0,0.5246657412061343
38,2040.0,0.5246657412061343
39,2040.0,0.5246657412061343
0,2080.0,0.5246657412061343
26,2080.0,0.5246657412061343
2,2080.0,0.5246657412061343
3,2080.0,0.5246657412061343
4,2080.0,0.5246657412061343
5,2080.0,0.5246657412061343
6,2080.0,0.5246657412061343
7,2080.0,0.5246657412061343
8,2080.0,0.5246657412061343
33,2080.0,0.5246657412061343
10,2080.0,0.5246657412061343
11,2080.0,0.5246657412061343
31,2080.0,0.5246657412061343
13,2080.0,0.5246657412061343
35,2080.0,0.5246657412061343
27,2080.0,0.5246657412061343
16,2080.0,0.5246657412061343
29,2080.0,0.5246657412061343
18,2080.0,0.5246657412061343
20,2080.0,0.5246657412061343
21,2080.0,0.5246657412061343
22,2080.0,0.5246657412061343
23,2080.0,0.5246657412061343
24,2080.0,0.5246657412061343
30,2080.0,0.5246657412061343
28,2080.0,0.5246657412061343
32,2080.0,0.5246657412061343
34,2080.0,0.5246657412061343
36,2080.0,0.5246657412061343
37,2080.0,0.5246657412061343
38,2080.0,0.5246657412061343
39,2080.0,0.5246657412061343
40,2080.0,0.5246657412061343
41,2080.0,0.5246657412061343
0,2120.0,0.5246657412061343
26,2120.0,0.5246657412061343
2,2120.0,0.5246657412061343
3,2120.0,0.5246657412061343
4,2120.0,0.5246657412061343
5,2120.0,0.5246657412061343
6,2120.0,0.5246657412061343
7,2120.0,0.5246657412061343
8,2120.0,0.5246657412061343
33,2120.0,0.5246657412061343
10,2120.0,0.5246657412061343
11,2120.0,0.5246657412061343
31,2120.0,0.5246657412061343
13,2120.0,0.5246657412061343
35,2120.0,0.5246657412061343
27,2120.0,0.5246657412061343
16,2120.0,0.5246657412061343
29,2120.0,0.5246657412061343
18,2120.0,0.5246657412061343
20,2120.0,0.5246657412061343
21,2120.0,0.5246657412061343
22,2120.0,0.5246657412061343
23,2120.0,0.5246657412061343
24,2120.0,0.5246657412061343
30,2120.0,0.5246657412061343
28,2120.0,0.5246657412061343
32,2120.0,0.5246657412061343
34,2120.0,0.5246657412061343
36,2120.0,0.5246657412061343
37,2120.0,0.5246657412061343
38,2120.0,0.5246657412061343
39,2120.0,0.5246657412061343
40,2120.0,0.5246657412061343
41,2120.0,0.5246657412061343
42,2120.0,0.5246657412061343
43,2120.0,0.5246657412061343
0,2160.0,0.5246657412061343
26,2160.0,0.5246657412061343
2,2160.0,0.5246657412061343
3,2160.0,0.5246657412061343
4,2160.0,0.5246657412061343
5,2160.0,0.5246657412061343
6,2160.0,0.5246657412061343
7,2160.0,0.5246657412061343
8,2160.0,0.5246657412061343
33,2160.0,0.5246657412061343
10,2160.0,0.5246657412061343
11,2160.0,0.5246657412061343
31,2160.0,0.5246657412061343
13,2160.0,0.5246657412061343
35,2160.0,0.5246657412061343
27,2160.0,0.5246657412061343
16,2160.0,0.5246657412061343
29,2160.0,0.5246657412061343
18,2160.0,0.5246657412061343
20,2160.0,0.5246657412061343
21,2160.0,0.5246657412061343
22,2160.0,0.5246657412061343
23,2160.0,0.5246657412061343
24,2160.0,0.5246657412061343
30,2160.0,0.5246657412061343
28,2160.0,0.5246657412061343
32,2160.0,0.5246657412061343
34,2160.0,0.5246657412061343
36,2160.0,0.5246657412061343
37,2160.0,0.5246657412061343
38,2160.0,0.5246657412061343
39,2160.0,0.5246657412061343
40,2160.0,0.5246657412061343
41,2160.0,0.5246657412061343
42,2160.0,0.5246657412061343
43,2160.0,0.5246657412061343
44,2160.0,0.5246657412061343
45,2160.0,0.5246657412061343
0,2200.0,0.5246657412061343
26,2200.0,0.5246657412061343
2,2200.0,0.5246657412061343
3,2200.0,0.5246657412061343
4,2200.0,0.5246657412061343
5,2200.0,0.5246657412061343
6,2200.0,0.5246657412061343
7,2200.0,0.5246657412061343
8,2200.0,0.5246657412061343
33,2200.0,0.5246657412061343
10,2200.0,0.5246657412061343
11,2200.0,0.5246657412061343
31,2200.0,0.5246657412061343
13,2200.0,0.5246657412061343
35,2200.0,0.5246657412061343
27,2200.0,0.5246657412061343
16,2200.0,0.5246657412061343
29,2200.0,0.5246657412061343
18,2200.0,0.5246657412061343
20,2200.0,0.5246657412061343
21,2200.0,0.5246657412061343
22,2200.0,0.5246657412061343
23,2200.0,0.5246657412061343
24,2200.0,0.5246657412061343
30,2200.0,0.5246657412061343
28,2200.0,0.5246657412061343
32,2200.0,0.5246657412061343
34,2200.0,0.5246657412061343
36,2200.0,0.5246657412061343
37,2200.0,0.5246657412061343
38,2200.0,0.5246657412061343
39,2200.0,0.5246657412061343
40,2200.0,0.5246657412061343
41,2200.0,0.5246657412061343
42,2200.0,0.5246657412061343
43,2200.0,0.5246657412061343
44,2200.0,0.5246657412061343
45,2200.0,0.5246657412061343
46,2200.0,0.5246657412061343
47,2200.0,0.5246657412061343
0,2240.0,0.5246657412061343
26,2240.0,0.5246657412061343
2,2240.0,0.5246657412061343
3,2240.0,0.5246657412061343
4,2240.0,0.5246657412061343
5,2240.0,0.5246657412061343
6,2240.0,0.5246657412061343
7,2240.0,0.5246657412061343
8,2240.0,0.5246657412061343
33,2240.0,0.5246657412061343
10,2240.0,0.5246657412061343
11,2240.0,0.5246657412061343
31,2240.0,0.5246657412061343
13,2240.0,0.5246657412061343
35,2240.0,0.5246657412061343
27,2240.0,0.5246657412061343
16,2240.0,0.5246657412061343
29,2240.0,0.5246657412061343
18,2240.0,0.5246657412061343
20,2240.0,0.5246657412061343
21,2240.0,0.5246657412061343
22,2240.0,0.5246657412061343
23,2240.0,0.5246657412061343
24,2240.0,0.5246657412061343
30,2240.0,0.5246657412061343
28,2240.0,0.5246657412061343
32,2240.0,0.5246657412061343
34,2240.0,0.5246657412061343
36,2240.0,0.5246657412061343
37,2240.0,0.5246657412061343
38,2240.0,0.5246657412061343
39,2240.0,0.5246657412061343
40,2240.0,0.5246657412061343
41,2240.0,0.5246657412061343
42,2240.0,0.5246657412061343
43,2240.0,0.5246657412061343
44,2240.0,0.5246657412061343
45,2240.0,0.5246657412061343
46,2240.0,0.5246657412061343
47,2240.0,0.5246657412061343
0,2280.0,0.5246657412061343
26,2280.0,0.5246657412061343
2,2280.0,0.5246657412061343
3,2280.0,0.5246657412061343
4,2280.0,0.5246657412061343
5,2280.0,0.5246657412061343
6,2280.0,0.5246657412061343
7,2280.0,0.5246657412061343
8,2280.0,0.5246657412061343
33,2280.0,0.5246657412061343
10,2280.0,0.5246657412061343
11,2280.0,0.5246657412061343
31,2280.0,0.5246657412061343
13,2280.0,0.5246657412061343
35,2280.0,0.5246657412061343
27,2280.0,0.5246657412061343
16,2280.0,0.5246657412061343
29,2280.0,0.5246657412061343
18,2280.0,0.5246657412061343
20,2280.0,0.5246657412061343
21,2280.0,0.5246657412061343
22,2280.0,0.5246657412061343
23,2280.0,0.5246657412061343
24,2280.0,0.5246657412061343
30,2280.0,0.5246657412061343
28,2280.0,0.5246657412061343
32,2280.0,0.5246657412061343
34,2280.0,0.5246657412061343
36,2280.0,0.5246657412061343
37,2280.0,0.5246657412061343
38,2280.0,0.5246657412061343
39,2280.0,0.5246657412061343
40,2280.0,1.0
41,2280.0,0.5246657412061343
42,2280.0,0.5246657412061343
43,2280.0,0.5246657412061343
44,2280.0,0.5246657412061343
45,2280.0,0.5246657412061343
46,2280.0,0.5246657412061343
47,2280.0,0.5246657412061343
48,2280.0,0.5246657412061343
0,2320.0,0.5246657412061343
26,2320.0,0.5246657412061343
2,2320.0,0.5246657412061343
3,2320.0,0.5246657412061343
4,2320.0,0.5246657412061343
5,2320.0,0.5246657412061343
6,2320.0,0.5246657412061343
7,2320.0,0.5246657412061343
8,2320.0,0.5246657412061343
33,2320.0,0.5246657412061343
10,2320.0,0.5246657412061343
11,2320.0,0.5246657412061343
31,2320.0,0.5246657412061343
13,2320.0,0.5246657412061343
35,2320.0,0.5246657412061343
27,2320.0,0.5246657412061343
16,2320.0,0.5246657412061343
29,2320.0,0.5246657412061343
18,2320.0,0.5246657412061343
20,2320.0,0.5246657412061343
21,2320.0,0.5246657412061343
22,2320.0,0.5246657412061343
23,2320.0,0.5246657412061343
24,2320.0,0.5246657412061343
30,2320.0,0.5246657412061343
28,2320.0,0.5246657412061343
32,2320.0,0.5246657412061343
34,2320.0,0.5246657412061343
36,2320.0,0.5246657412061343
37,2320.0,0.5246657412061343
38,2320.0,0.5246657412061343
39,2320.0,0.5246657412061343
40,2320.0,0.5246657412061343
41,2320.0,0.5246657412061343
42,2320.0,0.5246657412061343
43,2320.0,0.5246657412061343
44,2320.0,0.5246657412061343
45,2320.0,0.5246657412061343
46,2320.0,0.5246657412061343
47,2320.0,0.5246657412061343
48,2320.0,0.5246657412061343
49,2320.0,0.5246657412061343
50,2320.0,0.5246657412061343
0,2360.0,0.5246657412061343
26,2360.0,0.5246657412061343
2,2360.0,0.5246657412061343
3,2360.0,0.5246657412061343
4,2360.0,0.5246657412061343
5,2360.0,0.5246657412061343
6,2360.0,0.5246657412061343
7,2360.0,0.5246657412061343
8,2360.0,0.5246657412061343
33,2360.0,0.5246657412061343
10,2360.0,0.5246657412061343
11,2360.0,0.5246657412061343
31,2360.0,0.5246657412061343
13,2360.0,0.5246657412061343
35,2360.0,0.5246657412061343
27,2360.0,0.5246657412061343
16,2360.0,0.5246657412061343
29,2360.0,0.5246657412061343
18,2360.0,0.5246657412061343
20,2360.0,0.5246657412061343
21,2360.0,0.5246657412061343
22,2360.0,0.5246657412061343
23,2360.0,0.5246657412061343
24,2360.0,0.5246657412061343
30,2360.0,0.5246657412061343
28,2360.0,0.5246657412061343
32,2360.0,0.5246657412061343
34,2360.0,0.5246657412061343
36,2360.0,0.5246657412061343
37,2360.0,0.5246657412061343
38,2360.0,0.5246657412061343
39,2360.0,0.5246657412061343
40,2360.0,0.5246657412061343
41,2360.0,0.5246657412061343
42,2360.0,0.5246657412061343
43,2360.0,0.5246657412061343
44,2360.0,0.5246657412061343
45,2360.0,0.5246657412061343
46,2360.0,0.5246657412061343
47,2360.0,0.5246657412061343
48,2360.0,0.5246657412061343
49,2360.0,0.5246657412061343
50,2360.0,0.5246657412061343
51,2360.0,0.5246657412061343
52,2360.0,0.5246657412061343
0,2400.0,0.5246657412061343
26,2400.0,0.5246657412061343
2,2400.0,0.5246657412061343
3,2400.0,0.5246657412061343
4,2400.0,0.5246657412061343
5,2400.0,0.5246657412061343
6,2400.0,0.5246657412061343
7,2400.0,0.5246657412061343
8,2400.0,0.5246657412061343
33,2400.0,0.5246657412061343
10,2400.0,0.5246657412061343
11,2400.0,0.5246657412061343
31,2400.0,0.5246657412061343
13,2400.0,0.5246657412061343
35,2400.0,0.5246657412061343
27,2400.0,0.5246657412061343
16,2400.0,0.5246657412061343
29,2400.0,0.5246657412061343
18,2400.0,0.5246657412061343
20,2400.0,0.5246657412061343
21,2400.0,0.5246657412061343
22,2400.0,0.5246657412061343
23,2400.0,0.5246657412061343
24,2400.0,0.5246657412061343
30,2400.0,0.5246657412061343
28,2400.0,0.5246657412061343
32,2400.0,0.5246657412061343
34,2400.0,0.5246657412061343
36,2400.0,0.5246657412061343
37,2400.0,0.5246657412061343
38,2400.0,0.5246657412061343
39,2400.0,0.5246657412061343
40,2400.0,0.5246657412061343
41,2400.0,0.5246657412061343
42,2400.0,0.5246657412061343
43,2400.0,0.5246657412061343
44,2400.0,0.5246657412061343
45,2400.0,0.5246657412061343
46,2400.0,0.5246657412061343
47,2400.0,0.5246657412061343
48,2400.0,0.5246657412061343
49,2400.0,0.5246657412061343
50,2400.0,0.5246657412061343
51,2400.0,0.5246657412061343
52,2400.0,0.5246657412061343
0,2440.0,0.5246657412061343
26,2440.0,0.5246657412061343
2,2440.0,0.5246657412061343
3,2440.0,0.5246657412061343
4,2440.0,0.5246657412061343
5,2440.0,0.5246657412061343
6,2440.0,0.5246657412061343
7,2440.0,0.5246657412061343
8,2440.0,0.5246657412061343
33,2440.0,0.5246657412061343
10,2440.0,0.5246657412061343
11,2440.0,0.5246657412061343
31,2440.0,0.5246657412061343
13,2440.0,0.5246657412061343
35,2440.0,0.5246657412061343
27,2440.0,0.5246657412061343
16,2440.0,0.5246657412061343
29,2440.0,0.5246657412061343
18,2440.0,0.5246657412061343
20,2440.0,0.5246657412061343
21,2440.0,0.5246657412061343
22,2440.0,0.5246657412061343
23,2440.0,0.5246657412061343
24,2440.0,0.5246657412061343
30,2440.0,0.5246657412061343
28,2440.0,0.5246657412061343
32,2440.0,0.5246657412061343
34,2440.0,0.5246657412061343
36,2440.0,0.5246657412061343
37,2440.0,0.5246657412061343
38,2440.0,0.5246657412061343
39,2440.0,0.5246657412061343
40,2440.0,0.5246657412061343
41,2440.0,0.5246657412061343
42,2440.0,0.5246657412061343
43,2440.0,0.5246657412061343
44,2440.0,0.5246657412061343
45,2440.0,0.5246657412061343
46,2440.0,0.5246657412061343
47,2440.0,0.5246657412061343
48,2440.0,0.5246657412061343
49,2440.0,0.5246657412061343
50,2440.0,0.5246657412061343
51,2440.0,0.5246657412061343
52,2440.0,0.5246657412061343
53,2440.0,0.5246657412061343
0,2480.0,0.5246657412061343
26,2480.0,0.5246657412061343
2,2480.0,0.5246657412061343
3,2480.0,0.5246657412061343
4,2480.0,0.5246657412061343
5,2480.0,0.5246657412061343
6,2480.0,0.5246657412061343
7,2480.0,0.5246657412061343
8,2480.0,0.5246657412061343
33,2480.0,0.5246657412061343
10,2480.0,0.5246657412061343
11,2480.0,0.5246657412061343
31,2480.0,0.5246657412061343
13,2480.0,0.5246657412061343
35,2480.0,0.5246657412061343
27,2480.0,0.5246657412061343
16,2480.0,0.5246657412061343
29,2480.0,0.5246657412061343
18,2480.0,0.5246657412061343
20,2480.0,0.5246657412061343
21,2480.0,0.5246657412061343
22,2480.0,0.5246657412061343
23,2480.0,0.5246657412061343
24,2480.0,0.5246657412061343
30,2480.0,0.5246657412061343
28,2480.0,0.5246657412061343
32,2480.0,0.5246657412061343
34,2480.0,0.5246657412061343
36,2480.0,0.5246657412061343
37,2480.0,0.5246657412061343
38,2480.0,0.5246657412061343
39,2480.0,0.5246657412061343
40,2480.0,0.5246657412061343
41,2480.0,0.5246657412061343
42,2480.0,0.5246657412061343
43,2480.0,0.5246657412061343
44,2480.0,0.5246657412061343
45,2480.0,0.5246657412061343
46,2480.0,0.5246657412061343
47,2480.0,0.5246657412061343
48,2480.0,0.5246657412061343
49,2480.0,0.5246657412061343
50,2480.0,0.5246657412061343
51,2480.0,0.5246657412061343
52,2480.0,0.5246657412061343
53,2480.0,0.5246657412061343
54,2480.0,0.5246657412061343
