x,y,z,type,volume,cycle entry,custom:GFP,custom:sample
219.4221117012917,-91.74656259012876,0.0,default
22.684828722364117,-336.01310140989045,0.0,default
387.73385297089993,5.296109310528603,0.0,default
242.18199328597683,221.09899128955288,0.0,default
356.15142909535894,-87.45277753841387,0.0,default
113.17623857604377,-153.23969708538428,0.0,default
-74.93550568248607,369.06290540597684,0.0,default
-131.4438112935884,241.89219943681226,0.0,default
237.47087692435443,-97.99102914206654,0.0,default
188.81383058172335,303.6405785387349,0.0,default
-269.0608424244455,-16.38504765482569,0.0,default
25.614213613442672,-120.96192851497165,0.0,default
-225.77676511818743,-105.49991740197424,0.0,default
-255.24730977034696,-203.33537887434426,0.0,default
348.73836447437765,173.7934944016994,0.0,default
62.59278578602364,165.12082499979743,0.0,default
391.04793075863216,79.9870456427644,0.0,default
130.14405249218163,128.90441965523237,0.0,default
325.90917954706237,40.913115730662014,0.0,default
-236.52579402963164,207.85524761754596,0.0,default
23.86237989218157,117.33292832063705,0.0,default
20.895435848734664,-15.909053653441214,0.0,default
117.70195920324464,-157.73611121581138,0.0,default
109.89504931313297,-211.67494215181276,0.0,default
-117.74516082558927,-143.86193413710004,0.0,default
171.65751010720888,-274.19902845492277,0.0,default
364.9302386921598,-46.14612279381679,0.0,default
-189.67706946123153,-26.82963665688769,0.0,default
-319.0100065025067,203.42359756082118,0.0,default
312.8345420620893,37.72834407508775,0.0,default
196.78238553297618,-95.70733308952897,0.0,default
150.46128055492272,-51.54803107396104,0.0,default
-219.29998726792485,-137.94015071241083,0.0,default
300.4263960469575,191.01368415551642,0.0,default
-162.38590828183487,-285.8681290130838,0.0,default
-371.45434347814785,-133.73831079773757,0.0,default
-66.23446952483857,48.91164217891823,0.0,default
-78.78947886372994,-60.857587218007694,0.0,default
213.57071254718227,-161.19872486232535,0.0,default
223.2797205436871,77.90022344595039,0.0,default
-154.0548444377603,-273.93396671664,0.0,default
-232.50004266973014,-258.72575036048784,0.0,default
60.90627796882861,-181.87199576925525,0.0,default
141.7656091968537,-144.54845434116126,0.0,default
-55.60608473591776,-198.78914424084857,0.0,default
77.20865475047233,174.98920138584157,0.0,default
-379.622581049335,-100.11700053528808,0.0,default
196.89685868286108,0.42603188367657796,0.0,default
44.47532696697218,-11.96181930555498,0.0,default
-122.19050447517263,70.3793917610805,0.0,default
-78.26698504413935,-155.46450274573147,0.0,default
256.6968505185986,94.54687857256839,0.0,default
256.2108304943022,165.42873713889122,0.0,default
-335.11147598514606,-80.49264726207994,0.0,default
47.97818031606169,-181.52325606183405,0.0,default
-160.02492642010196,-97.96701060951729,0.0,default
198.17188555061625,306.9106264311948,0.0,default
-276.82434237124784,36.110410665077794,0.0,default
155.60391249686674,214.2829775006352,0.0,default
174.0334907117371,93.58974905648607,0.0,default
-109.41403151801902,248.0919413540053,0.0,default
-263.95284869009015,269.1777636599535,0.0,default
33.299764548054675,8.35003723284454,0.0,default
369.32850848012856,65.0375209484275,0.0,default
-116.6124291540416,-369.87879483043304,0.0,default
1.9156463424684493,27.095371695892215,0.0,default
354.1872676155695,66.68386243097305,0.0,default
-286.6238977714824,12.233013169059815,0.0,default
-209.27839242572873,99.77322916522213,0.0,default
276.9570133548515,276.0642771266157,0.0,default
-135.19424404581954,-262.0178371936303,0.0,default
-36.9904794616273,345.97303104227376,0.0,default
315.65264231170096,25.45580517575667,0.0,default
161.63745242029876,-360.725797808035,0.0,default
-257.00334396569957,-96.47995460484442,0.0,default
152.87319482698217,-360.0549459395544,0.0,default
-90.89616067267094,-143.34521374800838,0.0,default
-150.85141974644895,-131.9207000160342,0.0,default
-24.372838865458533,340.6728503895727,0.0,default
-200.56434650076173,244.90713930441527,0.0,default
-243.30720685366677,-277.2457203554815,0.0,default
-314.28829117645154,-15.568101104451815,0.0,default
-178.16892260206293,200.438197060867,0.0,default
-151.38846526285477,161.4027967624372,0.0,default
-234.3442471163972,-11.271032308021471,0.0,default
122.08158870573604,105.43255716974957,0.0,default
-214.62370130704906,249.08512959966757,0.0,default
240.90252028289484,-221.39560198127862,0.0,default
-168.9069925688376,210.29792514226173,0.0,default
-60.521029414891444,-211.471754584395,0.0,default
-111.24761239338073,119.36441126923086,0.0,default
-199.11529304376919,338.4262652303851,0.0,default
92.84115784468221,30.007214907029873,0.0,default
251.31181611395877,154.73115047765558,0.0,default
-133.11658578185848,-177.53965471798332,0.0,default
84.81564310583892,307.5793161785287,0.0,default
109.21669319157776,-40.362326165225824,0.0,default
-222.62455804488582,-321.01036104092617,0.0,default
-353.9487212183392,-168.8660963849406,0.0,default
34.4340015486969,28.458952583716552,0.0,default
-302.17409880559427,148.57093669490055,0.0,default
286.19814638090463,-211.0443551736363,0.0,default
262.24191399265675,71.4552336852445,0.0,default
41.517702151299886,307.1876249302117,0.0,default
160.0679730286639,-191.73961296831476,0.0,default
185.91773993893057,-79.976711929605,0.0,default
-379.45876965832167,11.018580077380257,0.0,default
-321.8952131155206,-78.79821768349187,0.0,default
-129.7904717386404,326.29878456878174,0.0,default
287.0661239020752,205.93260457522987,0.0,default
331.31757222234154,163.96514831718392,0.0,default
194.83884003653384,84.46650451603215,0.0,default
377.9479488541983,-50.36754995847763,0.0,default
-64.48836942122229,284.23833477595315,0.0,default
-134.74326572116567,41.08082629642485,0.0,default
250.51839515741236,120.66604549790252,0.0,default
-323.10963463912907,-157.46459625800887,0.0,default
397.15557825255274,8.163423302453166,0.0,default
259.7910160676258,-169.66520015415827,0.0,default
-359.3884629642902,-87.45604888292995,0.0,default
-72.58305336850819,37.28468535592211,0.0,default
194.98084919335963,258.1023340008166,0.0,default
317.0007664093011,-137.10571579041863,0.0,default
-156.83653654207367,-229.5997513142659,0.0,default
-137.4334990875043,299.28255670909095,0.0,default
-200.7609459006931,105.96332817630748,0.0,default
-26.184033647417152,48.217027117778365,0.0,default
170.26952591274727,44.50601537429149,0.0,default
-181.00081422685068,-115.89862927821798,0.0,default
-133.8503106332007,-276.8848700349926,0.0,default
286.4812967384899,-254.16812627524195,0.0,default
-94.12206648276934,-212.4474487785317,0.0,default
74.02775288848089,132.64394146090223,0.0,default
161.75912828350798,224.8198412527901,0.0,default
194.35475061620699,262.9358040230371,0.0,default
335.3705417242439,4.3347857021831,0.0,default
72.99088424233787,-158.61197475241286,0.0,default
6.808438328508952,386.6305103258973,0.0,default
68.28231381394447,301.9835182872529,0.0,default
319.0904425238459,110.48646376269609,0.0,default
245.54461395433987,-298.728769375959,0.0,default
155.94688128418315,-228.4902059982539,0.0,default
-104.68508026838423,223.35120649240022,0.0,default
-78.41201176069382,332.84435506366424,0.0,default
185.29128952468756,332.5451411119686,0.0,default
-305.41238387510725,36.64687111825012,0.0,default
-173.80638815739297,207.36990445585823,0.0,default
229.7492446504677,-13.829054671637556,0.0,default
65.9600668570923,6.021324165435414,0.0,default
-261.26177006472045,-133.46986403675868,0.0,default
-49.69655161695624,214.68926947016735,0.0,default
-170.3169373526561,-92.7746431413805,0.0,default
-30.763214508749968,-269.4285182413863,0.0,default
201.32513205386752,-25.0499675270198,0.0,default
152.70336846536551,-363.03609281995483,0.0,default
-123.71155539458549,348.2884477430833,0.0,default
111.8681134690724,-353.69568508351546,0.0,default
-95.741879745178,-312.8131303371323,0.0,default
-254.58672107576913,154.9861323758819,0.0,default
-52.75233601671677,220.3435386284967,0.0,default
-370.87333059220254,-106.82690550146312,0.0,default
44.204087104615894,285.8343406983287,0.0,default
286.6540950223047,-39.04690124730133,0.0,default
21.46011433882897,-182.31817512798784,0.0,default
304.941767770206,222.9132112596131,0.0,default
12.66191169412012,-55.22368919359265,0.0,default
220.25342424501972,194.06203487400109,0.0,default
138.91865226041133,134.27713938792087,0.0,default
323.308707316116,-16.119256060588647,0.0,default
-149.88322741444676,27.5984841468507,0.0,default
-189.4020019485758,-118.03579907072803,0.0,default
392.106547130827,-17.870887879026515,0.0,default
308.5509562266378,244.4600970496052,0.0,default
-86.1883954216229,263.31913508449617,0.0,default
353.27843441952143,-75.52790481839942,0.0,default
-34.5538967524796,53.28804382976422,0.0,default
-63.614289151662014,89.11724620891715,0.0,default
8.900205233848892,-161.89278442542184,0.0,default
48.61562586134953,165.00524961157075,0.0,default
180.71862417272203,-227.78716469679625,0.0,default
-185.58032192223484,-157.67069319859655,0.0,default
-340.44691252687323,-44.50899647979764,0.0,default
-78.74088705356208,-259.1248654742203,0.0,default
-44.93295202060643,360.8138617221843,0.0,default
-293.24702573732566,-75.90860609406789,0.0,default
305.51107451218155,151.1713998765496,0.0,default
-232.02092561503966,207.90117736130975,0.0,default
-17.794074006267007,91.18112079551551,0.0,default
-143.63135056779066,-199.31800531442218,0.0,default
-296.4932622706939,-47.454865248737946,0.0,default
204.41388416391518,297.3611217887583,0.0,default
107.7620342711142,249.8129355237154,0.0,default
132.18686903426985,-182.02888515851484,0.0,default
278.7536301519413,108.79597992922497,0.0,default
366.50184039896794,-128.99887851273792,0.0,default
-197.81030370498178,96.5826510649669,0.0,default
133.021088258795,58.47225336489149,0.0,default
-217.59260580022308,207.83046642703218,0.0,default
-41.76815235094113,-135.93659441682718,0.0,default
-67.11756272226066,306.8018571346891,0.0,default
282.0523641354452,-57.907407295147145,0.0,default
60.948625585056696,-321.37390215788275,0.0,default
118.17260902084654,-214.01250841790727,0.0,default
82.12506424304574,246.52430718332423,0.0,default
-147.76108043458788,-26.31698311321852,0.0,default
-310.09589895894624,-129.27273460851404,0.0,default
119.28386538451876,62.68189437164938,0.0,default
-146.5414423942177,-9.699417134083264,0.0,default
-150.98057894188076,-188.75273613271426,0.0,default
-15.170300108440514,229.55808726439773,0.0,default
-55.19183917743041,184.9182607175223,0.0,default
-345.42411554797036,181.02156269360074,0.0,default
129.5482916323107,-209.81539316814448,0.0,default
-136.49527664111056,-8.422321174115078,0.0,default
211.23034097088168,279.3746344601813,0.0,default
98.62468497028362,-157.8822021306258,0.0,default
56.5070502981002,-63.323310024409565,0.0,default
-221.08481233231166,-163.12607647991484,0.0,default
168.54511540931549,178.04041179481735,0.0,default
114.35211318911306,-116.18406737100423,0.0,default
237.78578906606506,23.981387081465652,0.0,default
274.5079499326021,-9.61841770431254,0.0,default
180.53138564189896,202.90949805775602,0.0,default
278.3853467667049,205.81444302581917,0.0,default
-203.5773535282497,8.29819366166568,0.0,default
-83.24378776316031,-195.101521767828,0.0,default
182.3986522221974,-131.4925523024125,0.0,default
141.82325519013216,-312.21667878119683,0.0,default
193.79871221540697,28.051336356654332,0.0,default
37.766530004292115,-240.97494271545705,0.0,default
17.75688867234802,125.0560707532211,0.0,default
323.6135007514931,-127.0155743992676,0.0,default
-70.56479318846152,-170.1791924792435,0.0,default
-199.3286937100736,-81.86295128182803,0.0,default
28.916609889697682,67.90587475865534,0.0,default
-249.20225864683042,252.18407306551325,0.0,default
350.77772752827366,-94.69683496313903,0.0,default
-327.6932327480498,-65.41261910090147,0.0,default
247.28142695450288,-51.73444748895503,0.0,default
357.09451108613234,120.02994488264173,0.0,default
174.7309313694773,-271.33212319534414,0.0,default
317.5913164158961,-203.73197867656367,0.0,default
-119.95506609831435,19.765418405327292,0.0,default
287.45363772838846,-204.8186573119108,0.0,default
-21.83078809032128,-300.6425478761724,0.0,default
233.30853173455654,16.519899578690715,0.0,default
226.21317658744107,-303.12173220381163,0.0,default
226.96646326574927,-74.00471431564492,0.0,default
33.90324441483901,152.3801680356839,0.0,default
-209.831326963958,275.7386800116081,0.0,default
-181.7511089079553,165.80484634658137,0.0,default
273.4117344434958,-268.94056181819224,0.0,default
7.215838964071099,145.63563716322253,0.0,default
-385.7454144932865,-65.50479638991544,0.0,default
-253.22205202231638,156.82186304908055,0.0,default
-25.084825925272153,311.2100294327461,0.0,default
11.493874972219439,207.62480284402773,0.0,default
145.19942355919108,-166.2985661485491,0.0,default
-298.7665000730059,82.53485411056042,0.0,default
295.25355554848215,148.84414209117404,0.0,default
131.49132820169018,49.50999845339083,0.0,default
-137.21913593047304,151.60293477871193,0.0,default
19.932793174053323,130.19584845693657,0.0,default
-142.76725049474572,275.47428405875087,0.0,default
-136.78890784925275,119.0043994827467,0.0,default
46.01701881049204,309.43325787255077,0.0,default
129.18323758495478,-217.3465681083287,0.0,default
-12.028379764556506,323.7673187921208,0.0,default
250.30329069342235,271.99307794915836,0.0,default
-89.15693562687702,-31.779118021653023,0.0,default
22.04717660214974,-143.91740838996125,0.0,default
-23.25070037146108,-236.6159202946191,0.0,default
174.56306445849344,-15.927464992792629,0.0,default
139.08961324630334,255.76329193516938,0.0,default
-118.42460723979411,184.90361346139193,0.0,default
-347.0382555751871,76.60114207706718,0.0,default
31.15095687410573,-207.1769921023183,0.0,default
-168.58339627317815,-121.60120220344317,0.0,default
-228.72353784760742,-310.4799246646723,0.0,default
110.75691070030022,-210.03254437805612,0.0,default
-111.75666283091626,153.58010656573396,0.0,default
-68.96874869652298,332.37278832228935,0.0,default
-347.7867953737211,-191.17395284435108,0.0,default
34.66480837200124,-278.14640185524877,0.0,default
-54.22270079859027,336.1537627410186,0.0,default
36.8787720906442,-141.7396521005943,0.0,default
145.27144709653766,287.71505359477305,0.0,default
-246.0777140228982,102.4360656541377,0.0,default
157.9542583409829,-49.38218405624993,0.0,default
274.948657315849,15.264852194727412,0.0,default
176.1046289914183,-155.04036120946242,0.0,default
117.6769629995799,-197.53367673547785,0.0,default
180.52486703274963,-345.83750063992096,0.0,default
240.31105940135686,310.6734069896128,0.0,default
-152.4664223345378,23.98887221542555,0.0,default
-108.27084256338227,146.27398629968093,0.0,default
-138.653910451182,-346.29727608958086,0.0,default
59.34306508287667,269.905404743476,0.0,default
200.6548771209276,112.82982835350975,0.0,default
-93.74454275703492,-99.0512912777694,0.0,default
75.66915698668211,-102.17299493095474,0.0,default
-321.1581426127122,165.18868721059673,0.0,default
296.6361876287856,-5.336664060310209,0.0,default
265.9580664153654,256.4583117030834,0.0,default
-168.57496982563103,-176.97373940137234,0.0,default
222.0069720783526,-280.08347446931566,0.0,default
-224.281611777846,-180.16559365229548,0.0,default
-284.4261465542172,62.06674764403332,0.0,default
19.064465896020675,-111.00022872835989,0.0,default
-14.523737585485291,119.07768526767114,0.0,default
261.3957713747722,32.1144014156808,0.0,default
-148.97610673268892,-175.86589628131782,0.0,default
55.15557313743374,279.3810441339972,0.0,default
165.68995868500878,-322.35328261889276,0.0,default
-87.78176030721421,252.74893899152445,0.0,default
344.9137947734659,-112.29069064950217,0.0,default
21.92120023102661,-46.541049248183235,0.0,default
-160.1128089342817,-257.17740440507174,0.0,default
-328.59645120984646,139.60398251650838,0.0,default
30.385442498771862,-274.14507908562643,0.0,default
28.921022326256455,-196.0632459725786,0.0,default
-254.06224818505552,-276.1983859656752,0.0,default
-181.89910624950718,-199.64546146171318,0.0,default
73.28677125965686,-13.405877917116323,0.0,default
214.46035333221997,45.09327692741946,0.0,default
-264.4769679762014,-20.259564678086182,0.0,default
-244.84666257053485,-279.87565259956585,0.0,default
-250.66007718150925,-141.99649280677593,0.0,default
179.24583392250392,-19.543877953779113,0.0,default
179.53413467689973,30.823268514457627,0.0,default
233.94262432520586,81.20375115432681,0.0,default
-280.8995852635551,-113.3422148145385,0.0,default
319.55273652499073,127.90831180171179,0.0,default
236.18036331873674,276.1709022102937,0.0,default
103.06464268456789,-15.422836231559113,0.0,default
-189.28215742067272,204.45378232921405,0.0,default
-142.95220682326564,295.97688485210585,0.0,default
-280.8265527943277,200.921862405062,0.0,default
284.91753908871146,-146.8550590795364,0.0,default
-348.6459953600471,-9.49858281445031,0.0,default
-294.85704086934385,-204.40666996239514,0.0,default
23.2203733108328,-379.497146896651,0.0,default
-31.19422195608599,-54.592523942955424,0.0,default
-69.82988200482697,-361.4514504547733,0.0,default
-109.00464890121219,-166.57845797517527,0.0,default
239.72149425760696,214.58727077048923,0.0,default
14.978217905109853,167.94283137833224,0.0,default
-84.80250667111821,9.304537023642682,0.0,default
113.66228108483699,282.5325289386242,0.0,default
-128.73977310944528,-46.38300950157173,0.0,default
-85.79245354992841,68.2227501357686,0.0,default
-214.58750556201014,299.4800518639796,0.0,default
115.31125695618852,58.55548565946779,0.0,default
34.81724385850915,-345.347676574089,0.0,default
27.761298393686143,61.796925961491844,0.0,default
287.50007121279276,-115.2728736323979,0.0,default
-10.677495993366938,74.64215932331751,0.0,default
226.377832056439,-117.72747626425434,0.0,default
283.27988986660085,-90.53841960910982,0.0,default
-72.66578091990199,-371.28836452817995,0.0,default
230.9798007115994,115.67197913112136,0.0,default
-97.05234081615747,347.68555833610463,0.0,default
55.263450134864954,149.1261914684406,0.0,default
-184.29129978060934,1.2933718463041395,0.0,default
-210.8380473622586,47.23270839934334,0.0,default
278.4969637365122,-85.14172190099842,0.0,default
112.32047899420019,-27.504743300205405,0.0,default
139.66834929018717,-288.0708609656968,0.0,default
317.30248344887644,-122.54802783734421,0.0,default
-187.65982531899218,112.21226379190921,0.0,default
-286.8332779035176,-264.13993509441394,0.0,default
320.34640096434936,220.20370411095192,0.0,default
294.2397260006014,257.9716909795892,0.0,default
324.7026581628391,128.10709731009052,0.0,default
-166.17197184818863,-146.96336699363587,0.0,default
-126.10499004524789,-137.361355666107,0.0,default
117.12523475683066,-280.7482431935181,0.0,default
100.77724620655908,-76.93403819685882,0.0,default
-172.20601507927526,79.53294394378781,0.0,default
190.97669807239288,-203.244694367047,0.0,default
193.09501639193132,-273.01048174903605,0.0,default
125.81140208787308,-247.09256386735498,0.0,default
-202.3738710036233,-94.48194157693307,0.0,default
118.0908141616797,84.30165268333435,0.0,default
7.119857525525084,273.9207766210702,0.0,default
19.473604860872886,-221.1885372962242,0.0,default
-79.0998010222022,158.23994062305476,0.0,default
209.04304641247035,-224.6970516009975,0.0,default
-258.7397044566552,-66.44753830514998,0.0,default
-278.97003370475494,-72.01809805141251,0.0,default
-4.991483433924637,34.08893211831487,0.0,default
303.08584544517976,-83.35389640742564,0.0,default
67.76830941021744,-17.54651517519454,0.0,default
139.11236467430956,-108.12529645750634,0.0,default
-150.4659456174553,-180.1757495217736,0.0,default
-100.96927219917286,-206.23942532656943,0.0,default
-304.95968453880687,-249.66142346237768,0.0,default
-352.99522188367786,84.07354528097333,0.0,default
-343.8533516995113,120.82838281394756,0.0,default
-43.179138022009845,203.8831992934886,0.0,default
-138.66989303386538,207.10232440725483,0.0,default
12.022269433141368,195.7740618364658,0.0,default
201.43789243165642,-138.68855058249378,0.0,default
-208.74371980979697,296.8585145589713,0.0,default
226.5047738856606,117.48437365630133,0.0,default
-111.35368985522426,273.32029070803975,0.0,default
4.022603952662696,338.3806261552968,0.0,default
-318.81358394802976,14.508362250414434,0.0,default
-294.36827831188947,218.51202730948233,0.0,default
195.52515845174457,-148.18519635209006,0.0,default
145.30040586028676,-315.88571222204206,0.0,default
76.63254714646271,-139.3953438634183,0.0,default
-132.7835331670979,308.2878254036388,0.0,default
-155.21210318064416,192.07811360978036,0.0,default
3.221240711504505,229.93998578377312,0.0,default
237.20393585603514,110.90661924447252,0.0,default
-222.3745526877235,-37.13153457035317,0.0,default
-141.80463727124675,29.74195550434408,0.0,default
246.09822143595827,-103.12475527140154,0.0,default
-17.62886378234351,179.4489196674093,0.0,default
179.88210760930602,-20.83532480410291,0.0,default
-150.14872112025992,176.09786283788304,0.0,default
-357.6104527842611,132.65564540531798,0.0,default
292.09485257188175,159.86407308085018,0.0,default
-245.38913939893342,-90.93597620605864,0.0,default
-211.20718770595712,-81.70226594668408,0.0,default
-92.8145702684508,338.5360253950259,0.0,default
-358.27713960995777,-68.32037790401225,0.0,default
-118.10631438436269,-183.148879499089,0.0,default
-239.83066675556623,27.502848125120014,0.0,default
303.0261813255932,239.9399163691389,0.0,default
-17.912230068896914,-76.26623005163736,0.0,default
103.85841870719413,163.1978462593416,0.0,default
60.11388859645595,176.22510560447546,0.0,default
121.52642791077221,-269.2042951588632,0.0,default
268.3639197149782,-294.74328852938703,0.0,default
-78.30225610793745,-390.90851049913744,0.0,default
-89.11332461451948,42.29944697101573,0.0,default
24.150313454117875,40.78139373919074,0.0,default
-127.25027970783903,159.91497624138708,0.0,default
155.08849576322166,-310.05683847232234,0.0,default
-108.95467618752897,-190.60131140129434,0.0,default
-80.01768858676513,-204.6514398345714,0.0,default
159.79836142019994,-266.8990230990456,0.0,default
143.1834403286791,-76.53207862175977,0.0,default
384.48470363931995,18.747533718619337,0.0,default
153.05262932742136,90.14438913083893,0.0,default
-279.9591051406505,-204.0338327185314,0.0,default
31.58501044602273,115.77357787062888,0.0,default
293.22332635401267,101.02239264239142,0.0,default
65.62806017346033,-184.31597234667476,0.0,default
98.70503782642798,-84.37937054904397,0.0,default
-178.370798744772,-157.97944539009325,0.0,default
196.03725574206405,-46.41677159022956,0.0,default
331.74700261602123,131.96870282687325,0.0,default
120.09065120787393,356.1357843044452,0.0,default
309.0861637438363,-253.07478187243944,0.0,default
347.09747490677256,107.92727851140506,0.0,default
11.136531262839478,-134.18177095591764,0.0,default
29.3454631249235,128.79409233944935,0.0,default
-223.72537083790056,150.66774524051183,0.0,default
-225.24018685752338,-278.2728696061233,0.0,default
292.1632923726197,-34.24836349659981,0.0,default
-126.11411481912799,177.18615868424948,0.0,default
-27.559043354501636,-294.6821423484655,0.0,default
181.8347215045684,248.14737738086563,0.0,default
0.82933059637895,-130.402921546481,0.0,default
-160.48037576348176,142.45131479134847,0.0,default
-77.71863674822741,164.89213392421928,0.0,default
-94.67558036509237,16.080244168567976,0.0,default
-340.0490492875538,-3.4079769516886147,0.0,default
15.729637889308487,-368.39989891645536,0.0,default
184.90448239228752,-339.7585093580344,0.0,default
-63.19803345006175,-270.01641472409824,0.0,default
263.8763974565828,255.50610377114592,0.0,default
-253.6250160841337,100.26324144690312,0.0,default
-175.03550870743416,272.0854244036301,0.0,default
-201.26192596887446,195.82212044918836,0.0,default
53.81743746665492,-387.32355966032173,0.0,default
14.357241719425337,-89.05524218869803,0.0,default
-108.59136976339853,283.6316211622825,0.0,default
-42.53340118453417,259.5642786173859,0.0,default
328.2800602114607,107.98585988755946,0.0,default
-350.914269947284,-96.9061941984888,0.0,default
215.81820346727267,2.660682166283851,0.0,default
-98.83563101739198,-356.28185049969505,0.0,default
-166.8288883796186,217.99230293870573,0.0,default
-286.9655471881524,-242.40669185511254,0.0,default
-274.317332707321,-140.32190765214315,0.0,default
85.60990759410289,-20.394639617404177,0.0,default
-322.5264712522824,108.43633841385792,0.0,default
174.43972119491386,-80.21331063993554,0.0,default
-151.58652330251226,278.5559762417916,0.0,default
-6.8888241392742495,398.39091905182846,0.0,default
205.55983221434133,-77.1012580811984,0.0,default
-296.4084038428155,-75.30058795933397,0.0,default
-191.84572307362671,4.0184101683337055,0.0,default
183.0750534095293,280.809671232328,0.0,default
238.56406565537162,181.80747430360705,0.0,default
-75.22537012453131,230.62840037609007,0.0,default
260.75496679361544,52.64802976539996,0.0,default
15.239067983518119,-222.5230136585211,0.0,default
254.59454740421018,98.97857565900625,0.0,default
274.55685440627565,184.2402029718816,0.0,default
-60.77800040009649,-251.72549721036935,0.0,default
4.281581468146642,-40.90605624586388,0.0,default
-228.84996111138489,27.02260459272357,0.0,default
141.72222299610465,-348.6657353766757,0.0,default
37.36886412833345,364.39687003022004,0.0,default
137.6338591751174,-342.94537102080176,0.0,default
67.43474609790509,-128.4879865588843,0.0,default
-117.61910924232231,12.913136627065404,0.0,default
-187.7444305512847,208.64141534027087,0.0,default
184.28301223255568,-313.89330441770176,0.0,default
232.39394019544343,227.63497670762388,0.0,default
13.048971597113388,80.06496804018016,0.0,default
-202.05871429293367,-319.1033606807203,0.0,default
307.94087226400495,39.71497923483276,0.0,default
215.69897125035803,302.1079047812058,0.0,default
-350.2113993883929,-48.95476682471252,0.0,default
-127.5820911560168,241.20220372487364,0.0,default
-92.8077038047699,-286.5733792217768,0.0,default
-158.05264302384228,-153.43224065593097,0.0,default
68.18472488932221,-63.326593464646294,0.0,default
-109.70636680936116,381.25518205829997,0.0,default
-138.77645984958485,-263.67244705779376,0.0,default
52.04960044350981,257.740695081338,0.0,default
53.71833720836487,36.9317538631099,0.0,default
-247.9762321403842,-122.40943921528373,0.0,default
-99.46841663870906,226.64936638373888,0.0,default
95.57541902310426,314.59360840145536,0.0,default
366.4200281175761,-123.54788240847226,0.0,default
81.36326036971282,-141.0037789665241,0.0,default
109.89302442626654,131.51809233887383,0.0,default
11.557690134173294,354.40325984239746,0.0,default
247.5337104632548,44.28032746871037,0.0,default
-155.88202168350628,-123.4918634693825,0.0,default
-302.46359381515464,152.47614108563806,0.0,default
223.89716308157557,108.78206044152725,0.0,default
-14.035396348541036,33.17431363885514,0.0,default
-192.6851636239872,-238.76570660293473,0.0,default
-112.04173668069448,187.9468094608148,0.0,default
-388.71369782111043,-57.711610624167655,0.0,default
96.7593211308451,-39.203656388340676,0.0,default
-48.68069449298996,-62.24347191129807,0.0,default
35.434674301526016,-327.1621657403222,0.0,default
252.5662781697716,-140.01754992398904,0.0,default
-215.46544973092983,-78.36455671151202,0.0,default
309.9103254245406,121.85207635237894,0.0,default
-383.68513952949564,-66.5445333753222,0.0,default
-90.21526340259472,71.47954700752526,0.0,default
-232.35834976466012,-114.23549760914842,0.0,default
56.31783247838739,-369.67504900326935,0.0,default
-24.818245297691842,-40.24961899046692,0.0,default
-115.68743838141086,-36.52631178424895,0.0,default
-35.683597862049226,-280.0350150479416,0.0,default
-198.24374425195458,-330.19305751639774,0.0,default
-26.693582773144847,319.2688514447043,0.0,default
119.8425301688916,-274.98398784853237,0.0,default
-274.87804213196546,-275.4597686232938,0.0,default
294.8507303480256,241.88538715670316,0.0,default
315.93287627793575,79.79742575009624,0.0,default
-210.0876618911538,-97.96547316306324,0.0,default
25.265256833690117,-214.41028134058485,0.0,default
331.2224263346417,194.0059312115186,0.0,default
51.74441657258336,-312.746793922497,0.0,default
233.16602057349454,-95.82799647521617,0.0,default
39.35641117782239,262.1035421217088,0.0,default
-128.77116055204482,-244.77971032536416,0.0,default
-265.74631702738594,65.94866349247319,0.0,default
-88.02694097263462,-323.8770348687059,0.0,default
159.9426035452216,342.07362692704015,0.0,default
332.1188659769068,88.07124729245508,0.0,default
137.097981411055,256.2420865609782,0.0,default
327.69584645711797,-227.4189474015165,0.0,default
-324.85388754951254,-4.120977485011291,0.0,default
276.8017180256481,-222.9808492473777,0.0,default
-200.31908442367882,72.04464627496922,0.0,default
256.2777616536454,43.23610795435532,0.0,default
355.06007841072636,-157.3861821697103,0.0,default
273.5316394061234,20.807726493381953,0.0,default
-81.87431918599341,-370.5999311359808,0.0,default
-24.676690046813363,338.27518939660916,0.0,default
-43.45006756012607,-232.75123336149895,0.0,default
49.81067399537116,349.05392402564576,0.0,default
131.9368793309031,311.5805185447631,0.0,default
-227.71516327917547,196.65285261914946,0.0,default
-195.5436582645415,-9.952748857789107,0.0,default
-212.57320271483047,-308.0944760380174,0.0,default
194.93043549285895,-280.56982455893933,0.0,default
167.64756427797664,-214.35395168058122,0.0,default
-51.32198354521016,-337.9610578443503,0.0,default
248.78707530808487,207.06284472076956,0.0,default
-137.53648953391473,-70.73199944858143,0.0,default
-160.4312573058324,110.57571895163262,0.0,default
239.12787281534767,-201.24973414916434,0.0,default
-287.86858157541906,53.82941613481231,0.0,default
-219.1239227536885,-175.25397047182798,0.0,default
3.9733045836526135,53.126506911928786,0.0,default
358.7063162215697,31.12588749200166,0.0,default
-76.72923864124452,173.6602243089367,0.0,default
-349.2946108365217,-179.27760187077968,0.0,default
-18.467137544251347,-343.80935652406674,0.0,default
-337.5682273814506,-18.274996812615388,0.0,default
22.262133388565694,-215.46777130906148,0.0,default
-162.33508072226795,-49.11067555414331,0.0,default
-105.04881912118613,-29.62372786206622,0.0,default
-302.8757437211051,-233.61768870863617,0.0,default
27.06473267632572,-354.1188304045179,0.0,default
-56.134683711456276,-120.50128634650646,0.0,default
386.9983539310855,54.80855339368722,0.0,default
195.65275730275224,-336.4862755214525,0.0,default
101.38217946533673,-68.1152266653915,0.0,default
83.53409046874216,321.89007167951587,0.0,default
255.1508526440776,-200.65527297708357,0.0,default
-206.7049423397091,-171.53406406200253,0.0,default
339.17430624525355,133.22129339016732,0.0,default
-71.44856139955134,151.13284637548136,0.0,default
-68.76884584910238,-272.95074704994937,0.0,default
1.79775310639573,-138.03262257292425,0.0,default
-192.11422903079614,49.59229140352262,0.0,default
-163.30632848585375,161.19661681072003,0.0,default
321.86321212401396,66.21402982695734,0.0,default
325.8375951166137,2.999362077383361,0.0,default
-17.453837188196992,360.25367004993717,0.0,default
-84.6740832057659,-129.12060692763768,0.0,default
13.438776927275985,-66.04033291549028,0.0,default
-74.91709043956554,201.04621698957027,0.0,default
-270.2028758845497,210.184076105865,0.0,default
-211.13250482670088,18.949155441587788,0.0,default
-117.56935663594838,-160.47357997449882,0.0,default
171.71125815589397,-172.24769437337832,0.0,default
345.79052815247775,128.6206003039305,0.0,default
21.420009460049805,199.19660744812046,0.0,default
130.09831196581243,362.4474663807647,0.0,default
-314.9715070078293,104.45609131021754,0.0,default
-46.47177891336596,-338.2469578682821,0.0,default
14.655837209633427,230.78774207320862,0.0,default
127.89218347570984,-25.516719253934266,0.0,default
-9.573903707268446,116.63031232835426,0.0,default
-137.61543363054096,235.67785180750045,0.0,default
29.232064927868826,82.19156605908412,0.0,default
93.32432159403668,-86.02767867922039,0.0,default
91.5105555165397,-368.1031532276901,0.0,default
153.18341672695925,-69.18185141206493,0.0,default
19.59576023161543,-244.001005735948,0.0,default
309.1433119045787,158.86755038742038,0.0,default
312.9267322772774,-217.678572508372,0.0,default
88.36593826377137,54.95916160818286,0.0,default
-151.17380625144145,262.9414151505738,0.0,default
-347.3847253332868,144.3265463455557,0.0,default
379.2668951167558,110.10067592428425,0.0,default
80.94940825396648,-49.19528822833933,0.0,default
139.99162001742536,58.3508351314542,0.0,default
254.09247505017805,-178.7422548078024,0.0,default
-308.3794988645405,216.32460052300013,0.0,default
-324.35883255655847,158.52682157545883,0.0,default
71.80382772930625,-260.9433107088992,0.0,default
17.60607056254961,147.04921637410277,0.0,default
120.41448731350549,349.5210138921281,0.0,default
338.80220692582367,142.548512306697,0.0,default
105.64054238692617,261.8326735646155,0.0,default
-74.33862469999153,332.5401676262623,0.0,default
-117.71925406122118,345.2055881492581,0.0,default
-248.0268681695897,-80.79767949545788,0.0,default
-171.8787894856198,77.20892212697443,0.0,default
373.5354312083229,-25.30562308608583,0.0,default
-286.3104329037187,261.7863490587678,0.0,default
-237.95906369588005,170.3504360930965,0.0,default
-279.92705199371846,-84.60954341070246,0.0,default
317.2580628435158,-54.13487231521134,0.0,default
245.55494965340426,-142.9724267748397,0.0,default
-362.61267819551404,-111.57828786185166,0.0,default
311.5485420313067,-65.18396544145747,0.0,default
-324.3167450127118,174.3439062426616,0.0,default
-266.7637347835591,-243.43682850595658,0.0,default
99.22326064898036,237.80407686369932,0.0,default
-125.7416550529423,-112.90821150226631,0.0,default
79.88204430410813,-234.01685490572754,0.0,default
-31.64088869682007,-16.15652164585218,0.0,default
-229.97026129441414,68.54819060311827,0.0,default
38.88785538208366,215.09300566779103,0.0,default
-51.88941068050346,-334.41492194202004,0.0,default
-102.2162007759456,254.48527927932545,0.0,default
-17.386745592660525,111.52398985429899,0.0,default
392.92967387002926,-35.43452684573703,0.0,default
-221.85946648767884,-187.2995098920521,0.0,default
-69.12184270106523,257.6252522080444,0.0,default
306.0280272492393,-77.25672484165923,0.0,default
-106.95982903927053,-312.92310395101424,0.0,default
258.1055131448184,-170.68784527620855,0.0,default
161.98885579824685,109.80247573748463,0.0,default
132.94110102417983,274.78107602828436,0.0,default
237.16346622559067,-118.5913719033695,0.0,default
215.36294112594155,171.59350352205925,0.0,default
-296.2445504998253,32.73154977836083,0.0,default
26.85716320767198,3.0975928002744486,0.0,default
-232.48334802027762,-215.94215768261506,0.0,default
-202.81494990282644,-267.11678890782866,0.0,default
137.23081899443378,-242.37921439677714,0.0,default
-215.31671727070412,214.91151818599383,0.0,default
-30.76923474439783,129.48649011384978,0.0,default
-77.65230321500643,79.8155869614969,0.0,default
-294.1404652753612,22.948978183049388,0.0,default
-47.49615643077487,-314.9304404516808,0.0,default
332.1313075308338,43.276908132397665,0.0,default
-60.78153767383637,44.44775039969698,0.0,default
-164.02757963926786,-130.92526541491037,0.0,default
229.87354790354746,13.71340447054942,0.0,default
-113.40913858547547,-120.67738550810081,0.0,default
204.45502699566703,-277.6758099521291,0.0,default
-163.9088927050345,-238.25579724893169,0.0,default
221.62169519049775,-71.72856325733083,0.0,default
-17.318468882494425,239.3778437114505,0.0,default
-281.26720034266435,-35.71661614152272,0.0,default
-33.47361213540963,-63.511486113473595,0.0,default
-218.78675620324987,193.11876995176172,0.0,default
-10.024851010857978,200.61044418700195,0.0,default
-286.2272012717046,198.6154999019803,0.0,default
-79.37218334661819,-181.69647390005215,0.0,default
-109.83942768706736,229.0174086475849,0.0,default
-108.66920398109532,-276.83220754895126,0.0,default
145.11187060319645,-57.93909272753057,0.0,default
-53.40468571791109,162.81682243252678,0.0,default
-284.59777854121614,-267.1790841583133,0.0,default
338.670131862297,14.352010720827504,0.0,default
-191.45362036752906,-298.8980203205957,0.0,default
121.99310327948508,103.15211356966289,0.0,default
177.94059185985273,315.3246270195418,0.0,default
-353.23654634657,-85.48937534530658,0.0,default
82.71303511263154,151.7427272677751,0.0,default
167.54298371107885,194.41252009756616,0.0,default
-87.76514492570813,-177.63839457362502,0.0,default
-278.4996197391942,-12.5675807005418,0.0,default
280.7467458973714,200.88993108234712,0.0,default
-377.9358873841095,-57.48901062663377,0.0,default
334.10694840334367,-0.6356351672323274,0.0,default
184.63599360682497,-189.3687065262263,0.0,default
12.957751621958389,-341.19603952079905,0.0,default
-106.18636704798774,-364.15100099436876,0.0,default
148.1916325880541,-207.4412813172892,0.0,default
-65.41470101675834,-17.9091718945841,0.0,default
-0.6320373621947414,-56.1259001010973,0.0,default
171.87806385669938,89.31640142941222,0.0,default
-210.26261888387182,338.3589818697308,0.0,default
-249.04099659302028,-220.75108465490692,0.0,default
-255.5809359918996,161.66544088127634,0.0,default
-205.8148812056624,-171.08824377715834,0.0,default
229.72272751113286,-166.59661681812648,0.0,default
235.26000480819116,-84.37765528427012,0.0,default
-1.6550762057673953,-57.41939572641335,0.0,default
129.94309280379593,186.43151113188932,0.0,default
124.71555702651445,189.61216359762184,0.0,default
-178.78400506047808,194.60138176232672,0.0,default
135.06368483062823,121.40637067944618,0.0,default
-360.37756999772864,-102.19027894048021,0.0,default
-98.54689597766199,259.1811682663269,0.0,default
281.89848579350263,-148.92608495630444,0.0,default
295.2255006577267,103.47438225764714,0.0,default
66.07541439484464,168.72036385125517,0.0,default
-194.31388602763377,341.923992796709,0.0,default
-38.08069065106784,-122.47695868426817,0.0,default
-57.4734234493325,-159.066832100214,0.0,default
-109.84513038278469,367.40868513599816,0.0,default
29.518815954724403,219.30155446106264,0.0,default
-112.94958874385316,346.69687422634667,0.0,default
136.3735323607938,-32.035861889194656,0.0,default
235.38162069456425,203.95292960493933,0.0,default
68.86472491136257,-92.99375377735136,0.0,default
217.17243663421186,109.7582833712924,0.0,default
349.4774007786409,95.27406746769029,0.0,default
74.79321999730762,-144.84198671432196,0.0,default
169.45145164438594,179.9932132385788,0.0,default
274.65133141213414,-19.20777636515001,0.0,default
223.80777349196262,-70.72882939402479,0.0,default
-66.82905870065281,-119.68242261128692,0.0,default
68.28555575111703,-196.13783945933673,0.0,default
102.29459641417824,183.01626050965206,0.0,default
218.1175240766106,16.50528844346765,0.0,default
134.16318661524593,-222.78602295272538,0.0,default
-289.4834704742756,-257.06107878604314,0.0,default
137.2759122698921,-211.01599710458603,0.0,default
-166.33058847219013,171.18834855166133,0.0,default
-327.84619753423374,112.99696028718127,0.0,default
243.00528707463494,146.73060950302593,0.0,default
-246.94452192151766,-40.09275501469831,0.0,default
63.447332917180795,354.5797050152672,0.0,default
153.78808461074792,-65.76018659892901,0.0,default
-34.7401532112307,1.4580865332689275,0.0,default
-89.75565881474814,2.24807284785075,0.0,default
-99.49500516799836,334.16497205296935,0.0,default
187.18130392262813,213.58226283902448,0.0,default
-95.8505088277852,-189.70320014023284,0.0,default
-256.3368256615577,0.8266115251722413,0.0,default
128.93245760166863,362.9898659236318,0.0,default
-10.684292282037946,-243.09306978763962,0.0,default
225.46715137410504,-174.39502576393932,0.0,default
-39.66861434003236,-169.94884960310435,0.0,default
32.041013353266905,227.78671411130784,0.0,default
80.05204466407939,-183.59120125446466,0.0,default
269.63914902235933,-173.1832400810955,0.0,default
-265.49143223644745,-197.17682707626497,0.0,default
90.8563062661427,-186.10196993496362,0.0,default
-106.87780769052439,-252.9596398927551,0.0,default
165.63153298268526,-38.40937123984517,0.0,default
-47.102922692182624,-269.30213121038224,0.0,default
193.61123945823797,240.76159933046307,0.0,default
199.05218965263313,-1.660250603404658,0.0,default
-151.61046336968428,-149.49745107528216,0.0,default
193.71722882868426,205.07914019250444,0.0,default
174.6710066802621,228.17512689445158,0.0,default
44.942600189554774,268.3628430041026,0.0,default
89.96445732331117,27.01664367464732,0.0,default
-8.082909929597887,291.4153610757989,0.0,default
-224.3695956389448,280.3711109707294,0.0,default
-288.7935050833956,206.25279541097123,0.0,default
367.7194751790024,49.34501481694887,0.0,default
-278.59227119831735,63.94753121582764,0.0,default
-293.704901360712,184.33537997030209,0.0,default
-64.81678508877634,-93.39958201967922,0.0,default
-167.18637616657034,-91.31936375462838,0.0,default
-166.40000270551502,243.01060195830547,0.0,default
355.600656904913,-109.36059164977866,0.0,default
-357.2257210916013,-146.55445016403513,0.0,default
-238.30371174630235,-36.05129499109669,0.0,default
-192.6141812237156,-169.24820652257668,0.0,default
-301.0078214624277,-102.80242453376206,0.0,default
243.00996135455586,-277.03174170682524,0.0,default
173.6498047077547,243.83614605768648,0.0,default
-246.26612946723415,214.63886648407333,0.0,default
285.07856059123907,98.27956794199422,0.0,default
-5.644756046963456,53.9647632230255,0.0,default
119.64794169725637,-354.9275310266746,0.0,default
0.729862678445589,157.38983538638615,0.0,default
-78.32859391149489,243.2021358244307,0.0,default
342.84736854192005,-95.97560406227788,0.0,default
-219.35014007134845,85.29044106372922,0.0,default
-185.6718976469749,-35.5181238761176,0.0,default
-231.06250716167906,-215.9009093661848,0.0,default
226.52543338238416,-76.40064045287107,0.0,default
145.45297336003057,-162.9483434377841,0.0,default
168.2050336055307,-130.36979512983623,0.0,default
125.23843219361065,-28.20412922022451,0.0,default
272.547160133404,164.44476028829305,0.0,default
-39.87097832012074,-153.52433695821455,0.0,default
-52.67037541796911,130.39187981090143,0.0,default
256.6687877914197,-156.3928076764928,0.0,default
-319.22775202882957,211.9764595356747,0.0,default
-115.62695859867476,142.80587850405274,0.0,default
32.31623900177241,197.2300549555387,0.0,default
79.83591526024752,281.07854801152996,0.0,default
-146.89992073267467,-112.05041350650562,0.0,default
-170.58932160294094,-225.41662232176864,0.0,default
137.29481391051365,237.39419877684296,0.0,default
-210.31252390272618,-271.1954778911626,0.0,default
53.24005011936851,27.58974780382254,0.0,default
379.81071673260317,-23.649393796116126,0.0,default
-97.85029290736632,-346.26002384035723,0.0,default
-122.818687919563,276.1388673682022,0.0,default
245.50854529982425,20.457077044792857,0.0,default
-83.24725981014734,-260.21708845497164,0.0,default
187.57112186743063,-176.09215880821333,0.0,default
-56.20460042094987,-361.88843585101347,0.0,default
71.34295000569219,7.701509552878969,0.0,default
-120.23930928336895,181.23543189027376,0.0,default
60.574427471116216,125.9268832995266,0.0,default
-164.64022738094587,136.8175627751839,0.0,default
-336.5648519519457,-76.35936483164551,0.0,default
134.79162912056125,-158.37116396291208,0.0,default
256.7125075154978,-45.26414521579061,0.0,default
314.90792141354507,-93.3329138665745,0.0,default
139.02266081229342,363.9582898768854,0.0,default
-120.93294471630695,117.40145652997205,0.0,default
48.22827395086669,347.78338053828486,0.0,default
144.62671024447437,-220.91792445050467,0.0,default
-88.5946230950627,284.5623100706105,0.0,default
-309.60831466881467,42.874827312408485,0.0,default
357.2565741932835,177.56411661420094,0.0,default
103.57988830585234,64.44260104230183,0.0,default
-387.5896949302053,-51.40034743362875,0.0,default
-281.6560213374749,70.19233134455304,0.0,default
-179.86623405929998,318.28957465816586,0.0,default
39.679180429257244,-251.37914376588915,0.0,default
-139.68212324561097,76.61965022762271,0.0,default
265.0334837519435,231.6853453030491,0.0,default
256.86882874472064,289.9900018977112,0.0,default
178.50289269281808,-160.45766157914215,0.0,default
296.5250022378029,-26.44327467161294,0.0,default
-245.06937897607904,-113.98173531816265,0.0,default
43.61405336318392,-65.16258307737644,0.0,default
-332.60248424817803,91.8678408360757,0.0,default
-197.3502409509719,183.437123540927,0.0,default
350.0549524710075,-176.37466124781153,0.0,default
-343.1662907568806,193.7291636712309,0.0,default
233.60148949734602,-45.139657929236876,0.0,default
-254.84964161962256,209.36152720920285,0.0,default
57.89441809710905,350.63689729410584,0.0,default
-40.67805629411106,73.66864775288839,0.0,default
308.72106677993617,-104.64624255140917,0.0,default
-25.015872712278224,-304.76896486533764,0.0,default
220.17288056929735,36.76741485274813,0.0,default
78.36770223709824,-310.5752695930024,0.0,default
65.41760921914918,136.46621318950045,0.0,default
280.9781889696901,191.79470628280444,0.0,default
-388.94904814387263,57.425435747770834,0.0,default
-157.6331725004773,-241.35103529206182,0.0,default
261.80553913596026,-71.09246024741131,0.0,default
349.10210022026047,-24.69099726038075,0.0,default
-184.7412443364885,-38.29443753727182,0.0,default
47.15975883304975,96.57566444904566,0.0,default
-385.6776342544933,85.83898109260761,0.0,default
-337.32222829247655,27.579219657327556,0.0,default
-230.01516370881558,260.8541554574344,0.0,default
-307.31195994803505,65.79450065688899,0.0,default
-333.7547448589497,-178.8997425363548,0.0,default
317.2083639043199,236.98798346282297,0.0,default
65.8561885373467,147.57656097685523,0.0,default
-201.13656754934996,-29.129797872273755,0.0,default
164.7440345986346,-331.22260680131393,0.0,default
48.94757532136533,-282.0254162362652,0.0,default
-130.14602158462486,291.14843268612714,0.0,default
182.290814220807,322.28103480477887,0.0,default
-159.34896451742574,-235.61992916155975,0.0,default
-152.1375026630822,17.226929409445077,0.0,default
-148.20065750141137,344.2809723375039,0.0,default
218.5626922428486,-170.7418128317552,0.0,default
283.52000548715444,262.19693493321944,0.0,default
154.30153463484194,81.98993702189439,0.0,default
379.08188362176145,-73.86936548872708,0.0,default
180.90694354393864,-90.22304719090184,0.0,default
302.04029967364255,-167.5097133973626,0.0,default
-216.7063246569105,-37.38940443376543,0.0,default
-151.89866689410673,292.3671052704279,0.0,default
-226.83285329987356,23.46742910719826,0.0,default
90.09135200977465,-264.11951078297324,0.0,default
58.087832337500345,-114.72520971619662,0.0,default
294.57964959122154,-183.72765709340473,0.0,default
-5.70862907575446,-18.24050011229066,0.0,default
-370.91398617348403,-60.715340380517944,0.0,default
224.22619843018265,-176.58020048817224,0.0,default
-154.51481428972124,304.02997697565166,0.0,default
192.5216310665929,344.5479874049914,0.0,default
188.50287228183666,-64.8077413247727,0.0,default
-88.99900154496545,-113.77332079528281,0.0,default
288.4919423591018,-207.62680357161705,0.0,default
-260.45239566816144,-122.98022341150421,0.0,default
93.66236669931352,219.53881490197534,0.0,default
-291.8841345063155,167.11545817141516,0.0,default
98.04374129743931,-143.07120223684004,0.0,default
-122.23301250924816,42.57915954886594,0.0,default
-295.3995106079854,234.85607624987065,0.0,default
215.63821739812113,66.397093686476,0.0,default
-93.85717558308424,-231.9790856759938,0.0,default
20.33158317985811,-139.0868700432896,0.0,default
266.01035143612154,191.97295476367887,0.0,default
49.8067855153031,225.00928084398936,0.0,default
49.777432954897115,-105.94342279791347,0.0,default
-262.28527404551426,-244.8960235409889,0.0,default
347.8352525639959,-3.395900452768547,0.0,default
-54.396933942514416,266.3650245961843,0.0,default
-207.5494920896927,273.381647814825,0.0,default
-217.4949119272837,-59.142699435079486,0.0,default
115.30408714893468,-280.84133561490216,0.0,default
-192.52287997354233,7.465397882790422,0.0,default
97.88551211611887,71.30848291382375,0.0,default
7.113770504678528,-310.4771532649351,0.0,default
-151.94103552635923,20.415946795987992,0.0,default
212.04714157646868,-174.20865984336825,0.0,default
208.9639707694622,154.76441418928934,0.0,default
-144.63256623266375,-204.00046513677287,0.0,default
180.0651464513644,121.32090747135015,0.0,default
-19.487593826693143,-250.40871211676645,0.0,default
-107.16553428828395,-175.95589591870475,0.0,default
263.1039867355816,-17.522094579192842,0.0,default
-195.03917648044768,216.03111062209916,0.0,default
-212.23344460128237,-224.1656341940549,0.0,default
-148.6388507856303,-56.803557282758455,0.0,default
80.00025168676336,73.86377474279229,0.0,default
390.03303699174,19.52484963104629,0.0,default
315.593030095777,-215.20906874761278,0.0,default
-14.627473352457145,-51.619955177390075,0.0,default
111.32795300766414,41.82154336779196,0.0,default
-291.88133146986235,-262.3988292682266,0.0,default
133.29201280727997,-174.4226957580431,0.0,default
164.5126617625397,0.4131485250406441,0.0,default
329.76351646844324,53.308067056769424,0.0,default
-0.7829136856765557,-122.11577967869171,0.0,default
137.68118504325048,-213.15167486218334,0.0,default
376.1035852570293,-71.89509073569587,0.0,default
73.1051668157224,-212.2107392453746,0.0,default
-116.65440633802932,-175.29452597898765,0.0,default
195.7908302996094,87.61069061946397,0.0,default
-235.682214798382,145.85959334211802,0.0,default
-24.705844436685428,-96.96992895517947,0.0,default
-361.39764414842165,-25.256930257036103,0.0,default
-166.6881112445832,-221.1301722330075,0.0,default
63.03683677962458,242.63510432582905,0.0,default
58.382017812452254,-66.70200889854394,0.0,default
-324.4270714497055,82.89673399310168,0.0,default
248.26649563800987,92.37949178907219,0.0,default
385.20959450540704,86.70171210267007,0.0,default
210.18364099948948,225.92441616746862,0.0,default
296.66200900966305,-89.77429977391526,0.0,default
-313.5686857145615,228.02916826047584,0.0,default
-60.660348019988625,-26.771011776964315,0.0,default
-100.27575005487847,-300.40997659741123,0.0,default
-156.7040129810907,210.95906008839407,0.0,default
146.5586659574759,-314.1769131726266,0.0,default
129.74460429460277,-75.39154738190634,0.0,default
-186.48561812761577,-216.6931447982606,0.0,default
184.04181043017022,180.89953429520457,0.0,default
-293.4300573454254,-154.1847322371872,0.0,default
66.64320610680595,15.525056398342004,0.0,default
151.52235399332469,218.92802108619125,0.0,default
-71.69607328089275,265.5255544855074,0.0,default
-208.7983680296514,-295.86646668310954,0.0,default
89.36780564799898,-272.1710713880813,0.0,default
-322.204087001739,86.20952282780031,0.0,default
260.9144532876826,213.82393285926486,0.0,default
-361.10751077726496,71.88629244278634,0.0,default
252.71946502185233,190.79999621025433,0.0,default
230.39151740734718,117.26653297401576,0.0,default
-90.6654070608498,107.90547026059104,0.0,default
-369.1336777804751,-147.0826836560239,0.0,default
-107.3745672482141,166.109352424596,0.0,default
-30.467001720809087,164.74262188958792,0.0,default
21.523801466363263,394.1393903304546,0.0,default
80.21542023496698,381.3147744952056,0.0,default
-23.6679820933714,-70.2207386675391,0.0,default
-243.682248691662,39.77740207477918,0.0,default
66.53967383029148,327.8170736053512,0.0,default
-379.7117692875831,102.69022170095678,0.0,default
-216.3836622470958,-33.940122567204135,0.0,default
-7.2209990044500625,361.3954345219853,0.0,default
62.88079156945016,-142.33710512226412,0.0,default
246.71286881665816,166.21933673429828,0.0,default
-184.00218199192295,161.53309559558238,0.0,default
-73.64867773180731,251.47493564674267,0.0,default
99.41011160115866,-308.62541466460823,0.0,default
-164.1165296652637,-299.90927526933217,0.0,default
342.50579027581284,-183.93295889493075,0.0,default
-143.45060692202676,165.876187004362,0.0,default
-261.7136527093985,-182.8602913571557,0.0,default
55.67721528464072,-117.59336116652638,0.0,default
100.97429183576509,-247.02789013649792,0.0,default
128.74062031206776,-108.15673547784847,0.0,default
198.64884034625697,-287.6474171490045,0.0,default
131.0215318106081,51.23260898398159,0.0,default
27.760307290022638,-385.2333451242948,0.0,default
-338.7099854298881,-197.84981554734594,0.0,default
-117.06751134581964,-323.40752735039933,0.0,default
149.32623743737298,-242.7450001502351,0.0,default
41.120724325981826,354.3238267295707,0.0,default
-357.19930979302933,-63.35067133750207,0.0,default
-31.23701732096664,301.7277224133099,0.0,default
-55.67627147538211,-104.39956893543092,0.0,default
38.68651467185843,120.34243204649636,0.0,default
-190.07252540724073,-151.41648756149942,0.0,default
-390.62789909007336,61.396122426078016,0.0,default
82.44959005481512,145.77383031803134,0.0,default
-68.81695902846768,-202.14565045018225,0.0,default
304.1385627431444,58.42535373033047,0.0,default
-50.83332943403733,-327.61478836887346,0.0,default
-13.84870161271774,-194.91392934660172,0.0,default
-157.4969996965157,-186.8281896530172,0.0,default
319.9041360559001,195.61024975825893,0.0,default
104.74655181524994,196.61336217278838,0.0,default
-301.19973999738943,-232.77362013650364,0.0,default
-259.7311296736495,-193.1543455225961,0.0,default
63.19297982333602,279.10240112919536,0.0,default
-181.34740411556461,-57.71908716568181,0.0,default
124.33287589634203,258.56118184631833,0.0,default
-42.32182173588032,-95.03307467875474,0.0,default
325.59265191697904,21.22722662985977,0.0,default
299.19010877213896,-11.24935987878984,0.0,default
127.86701006681274,-357.2374818168426,0.0,default
-389.9526929671649,-75.04349665334095,0.0,default
86.83305082531832,182.12571073622178,0.0,default
158.4545351919121,10.224172321008224,0.0,default
-109.38313076255793,-274.34116181247,0.0,default
358.5844768697046,-41.042459479846364,0.0,default
-73.08760212274227,88.88198035523698,0.0,default
99.27142001650414,-69.9870001418942,0.0,default
253.06883807137552,283.1690478397246,0.0,default
-14.734436979856842,397.01315657358805,0.0,default
132.38504637638565,-173.1468465847987,0.0,default
-196.60988522686048,-189.9010531092253,0.0,default
121.01661036588162,-175.07620366294992,0.0,default
146.3959121645261,-160.61193487826833,0.0,default
44.37401160743638,-62.37847019013729,0.0,default
117.91103807243316,-245.73175671055503,0.0,default
337.2269200147681,-211.9101284841319,0.0,default
-180.96593777334098,281.2517756024772,0.0,default
309.3416259314972,173.83390695889423,0.0,default
-137.55705804012635,255.63116103400037,0.0,default
0.7841671237731777,-106.16066038667269,0.0,default
-299.417974939898,-193.071388319186,0.0,default
-51.45374245849102,53.46105931949439,0.0,default
-129.30700817244653,38.38813641970704,0.0,default
31.306884408445168,291.46160281485936,0.0,default
-342.43343153269205,-197.39524127506792,0.0,default
-121.16433516303982,-113.74338817694034,0.0,default
-217.54253170984083,-226.31165371983636,0.0,default
24.168447827074132,389.1992635967465,0.0,default
42.946552266137004,288.5371658019759,0.0,default
-124.46515838352994,-318.03824387103185,0.0,default
-272.34397499909085,39.492719114941536,0.0,default
297.70025986235686,-32.72832970269528,0.0,default
-148.9178401067412,44.05800497841513,0.0,default
113.82097334854672,-348.73719806345525,0.0,default
21.812761916841158,94.89284306759454,0.0,default
-381.04704023630165,49.877344873673636,0.0,default
112.27384956732271,96.51183920586715,0.0,default
-241.02013219790504,-177.13309670908936,0.0,default
38.761466510145965,-188.0737643524719,0.0,default
-58.89141994375048,33.939903434460554,0.0,default
173.2744420642663,182.62757263839987,0.0,default
-366.04850791158754,-77.82060819556841,0.0,default
-33.22760709568195,261.3319106800741,0.0,default
-83.57821441386297,-96.57902700836242,0.0,default
-200.99535511698213,-285.1204649065293,0.0,default
-205.01651336536867,-238.87539485534782,0.0,default
110.35964369018107,196.7188548053268,0.0,default
-23.53531516405663,-17.543078507377444,0.0,default
19.476992674073706,134.96471666749815,0.0,default
-80.32497873733989,59.27780322089173,0.0,default
16.495949316682545,193.9574954831683,0.0,default
-129.04805925341273,177.37657070062355,0.0,default
75.30185961602234,-327.76689298958195,0.0,default
43.55223082750096,312.9774207209987,0.0,default
193.1623701276452,-276.2373759030936,0.0,default
4.64466706435069,-60.36578612782683,0.0,default
-263.52400135229317,103.42711128007848,0.0,default
-65.03564619491436,-137.14806869560158,0.0,default
-36.57129891951017,160.41096271386326,0.0,default
-49.51029272484438,-365.9616598471192,0.0,default
-288.7628921248342,55.993226390667175,0.0,default
-52.77427357111925,-202.87681907894475,0.0,default
351.66756762155853,-186.6970286104943,0.0,default
273.4045030743167,48.873172065816426,0.0,default
-124.52876268703552,-4.482311475428442,0.0,default
39.929421307344,-228.38435279217813,0.0,default
-179.48940723136184,236.43751735873943,0.0,default
-51.26367978869433,283.7526269340801,0.0,default
-48.95674650953393,4.404478989040262,0.0,default
-116.68105058001977,-353.07329358021076,0.0,default
-127.55534623787783,314.4857992772835,0.0,default
-281.74403057013836,-43.58508475058665,0.0,default
385.09938606944974,52.125398771983136,0.0,default
-64.57522417899847,-280.90300247615113,0.0,default
101.18821458532356,-366.3280074820872,0.0,default
-276.98006899266755,229.3502628206933,0.0,default
24.855794350366626,-355.54011331706965,0.0,default
-168.2392460824482,-105.29572670887926,0.0,default
-216.3938567711903,196.30464368550733,0.0,default
-112.28664138105395,29.155933381106443,0.0,default
-220.78622666504725,-66.9685396964503,0.0,default
150.19824041525723,-41.27787476652851,0.0,default
127.34035697851652,91.31538865578888,0.0,default
-358.71041712317805,-44.350794153998244,0.0,default
-292.4651135877576,-85.42726064446812,0.0,default
122.9963091859395,304.09559449774133,0.0,default
-211.29771163868872,339.423234285636,0.0,default
-158.38662139229012,-134.42413024956153,0.0,default
-91.59114061047589,-276.83747873381867,0.0,default
111.82818194493578,-35.91045418436744,0.0,default
167.98927841789865,131.3807656893042,0.0,default
348.16405490463296,169.24382780141298,0.0,default
212.71140489509227,-268.29798422156665,0.0,default
83.44983440510117,9.907438410622436,0.0,default
-382.4357448360994,14.721320237739144,0.0,default
29.582478189671125,-213.04326788993453,0.0,default
76.65582190060813,-235.67586617477835,0.0,default
5.420546065852547,-60.115825774388455,0.0,default
154.9013732544895,181.23340816627393,0.0,default
160.12594044154332,-40.068341237852806,0.0,default
102.50027453179779,-86.01147198450782,0.0,default
202.18353226973602,192.27997882973878,0.0,default
-109.38119024572903,-53.56584943010911,0.0,default
201.6816659046902,-231.265329923864,0.0,default
-137.01044154815273,140.3875142456721,0.0,default
-162.72037479791607,297.2999195785185,0.0,default
107.42315864764521,103.110013867553,0.0,default
-78.32467940509943,-138.95973541129175,0.0,default
302.80802202330483,-189.04460505978165,0.0,default
-13.082555474319017,56.9504746130193,0.0,default
362.14578740133476,100.94085330478745,0.0,default
83.45952082531572,376.39271873779893,0.0,default
-136.81267401201265,265.2071189467859,0.0,default
360.95953023327587,50.9965492055023,0.0,default
-67.02464438569653,-168.21545852048078,0.0,default
-247.36482458576495,64.39358783555566,0.0,default
-143.08165530608952,-281.39214232572164,0.0,default
-145.118190819359,291.1871237359931,0.0,default
11.46624549798211,379.0020469804828,0.0,default
-248.58822201500394,35.85825769752651,0.0,default
342.5995453767089,-22.24079540767371,0.0,default
108.44382109359202,280.72957271448024,0.0,default
-99.55561567458422,222.51746508680503,0.0,default
-227.98465421195883,-150.62701422999692,0.0,default
223.49117842256013,-259.1399566565623,0.0,default
279.48931874834807,206.06614761366205,0.0,default
65.7853490391725,305.4415425547848,0.0,default
150.81038416203492,203.2683224095054,0.0,default
-179.1403820481857,-4.625922668630771,0.0,default
111.89453703776817,374.3587153901199,0.0,default
3.1801379533315273,-153.0395867227617,0.0,default
-240.77874247932104,178.35102859461605,0.0,default
79.5934071664402,-39.9714550371028,0.0,default
-92.06685012776725,-158.81859250965508,0.0,default
-255.4695043010858,-126.42710873379961,0.0,default
-119.66920304027767,-289.98480507018,0.0,default
-196.4504650029395,146.20385378064705,0.0,default
378.42845260723425,-120.30265507922766,0.0,default
-294.3018221016673,239.4441113791147,0.0,default
-8.270752649157712,333.1595628833113,0.0,default
-240.1666827965572,150.8666690823712,0.0,default
288.1051497730067,206.7808946902308,0.0,default
-282.4630268330657,11.242586617979583,0.0,default
-360.58527864715745,166.0391201248509,0.0,default
-44.05959222297368,-34.73291099917633,0.0,default
25.222488096444685,297.0436968242459,0.0,default
7.785716176263396,-162.29708922476496,0.0,default
-235.68214611511553,230.36750051949778,0.0,default
20.40515282025972,261.40400840264175,0.0,default
212.6382237131111,-127.85350081742841,0.0,default
-115.71591017973141,-303.42435995696445,0.0,default
-266.7590367129465,292.7316973609872,0.0,default
44.37173070112263,-117.99648566941376,0.0,default
226.03107254662433,-317.3564238034382,0.0,default
-126.79908832298204,-125.68973365760661,0.0,default
83.4872550440147,267.4737724090675,0.0,default
-75.01729773012329,-211.37663167255903,0.0,default
81.45019912064292,-10.690246058672436,0.0,default
63.074926604693374,-253.44492520000978,0.0,default
68.62857182861364,53.9933009429424,0.0,default
-2.804172578676142,-207.8217180911744,0.0,default
-214.98657361924668,73.39161832139033,0.0,default
-250.02641465217545,-307.40301771845526,0.0,default
-64.3073659613273,-338.25395552475936,0.0,default
-55.4604667878916,170.2863063502864,0.0,default
101.38517096175796,4.406242426819448,0.0,default
136.5823949114331,-71.54351040228238,0.0,default
-258.8818205888437,-148.3397005860002,0.0,default
179.97137527235353,287.33565264437107,0.0,default
-53.8892415127073,171.48843731632368,0.0,default
111.54422642680777,329.0532021874451,0.0,default
67.7477424120906,150.03796847086468,0.0,default
-195.96524990370506,-73.49289439074187,0.0,default
71.07791356235846,-153.25199179898843,0.0,default
79.64017732167248,118.91992831319033,0.0,default
240.17614971742805,65.81959196678827,0.0,default
65.27341771163691,240.5508752594792,0.0,default
-218.50357999990945,-186.93381980780225,0.0,default
-308.76884619854474,-194.3315091349773,0.0,default
-395.15558684630963,-12.278172013519233,0.0,default
-364.2981465201677,-106.39566723299389,0.0,default
307.19036672426546,36.4762874200129,0.0,default
233.2693193895807,100.54076087624179,0.0,default
300.26642644638986,-233.104177725053,0.0,default
-38.4514202169714,-138.90003355993585,0.0,default
28.694528328176197,227.66774551126016,0.0,default
97.20710643193512,-36.06106161306281,0.0,default
264.33084095706573,-2.309306628628247,0.0,default
-242.90483723426007,-96.18017515670348,0.0,default
-221.83012675062946,-7.5284351715615365,0.0,default
-230.8427872467307,198.42905856943221,0.0,default
365.2490449423893,142.76106251259856,0.0,default
282.4558508080024,-100.50110375027639,0.0,default
71.39537464726644,171.2452659894101,0.0,default
110.34043895801592,132.49512176690794,0.0,default
166.20002605925805,268.2760620468721,0.0,default
42.45764017598425,183.57649779157137,0.0,default
-160.0551165496497,-226.29609895392653,0.0,default
-207.79626402975725,164.07034993888072,0.0,default
316.645864303539,-150.38430728083674,0.0,default
-278.3419648051281,42.28424472812447,0.0,default
266.1031465604898,-36.97016524031561,0.0,default
-224.66556988819423,-161.9690424423182,0.0,default
-210.8608508788142,-334.1732867299625,0.0,default
-188.23384192211543,168.74230898934778,0.0,default
-333.20626160152784,-18.469236501252297,0.0,default
127.63562761132737,114.15866264602576,0.0,default
339.792263418945,142.57329722758962,0.0,default
165.24944257455718,110.07599562998927,0.0,default
-152.52845282857575,47.21332728081046,0.0,default
-357.94221610767255,95.81184572084196,0.0,default
-145.77617757547705,-67.10295453514382,0.0,default
-170.71024291778977,67.63273126283383,0.0,default
-206.7959990495465,-132.17969882033452,0.0,default
105.39200056771307,-191.62461467764732,0.0,default
-192.51099692733231,-149.33015970614593,0.0,default
134.6442421571756,-272.8189861919744,0.0,default
49.417962852205584,-229.08026743483447,0.0,default
285.9562509830477,76.11395368596202,0.0,default
296.05446548363204,-130.31290453917435,0.0,default
84.18964040602394,-236.96992537789401,0.0,default
199.7631148843353,23.56867444546478,0.0,default
-54.54737613079231,-316.6464005502082,0.0,default
260.0127542879256,-10.212417713059429,0.0,default
101.54822858231702,-44.55783428973353,0.0,default
-315.2732987451103,-133.37233907168604,0.0,default
-2.0076860389419804,363.9379508056886,0.0,default
7.153726517352556,207.92687822111694,0.0,default
-194.75160329010515,-32.73672801468303,0.0,default
283.69679375080057,-258.46589316210066,0.0,default
-277.8639704159104,-222.4206314175877,0.0,default
134.42511105976922,292.50774754165326,0.0,default
62.23947822515858,-246.63252402201695,0.0,default
311.07111270017487,191.82150464303368,0.0,default
248.89811082536843,250.06088051569162,0.0,default
-304.35975980429987,-17.26029656287309,0.0,default
33.7593246179229,245.92884949411004,0.0,default
-160.93196578691837,349.2316548694358,0.0,default
140.17663546451598,116.96907898050259,0.0,default
-292.48053670167826,89.84869132772086,0.0,default
-301.0896199739408,177.8349287989658,0.0,default
-199.90924597821206,192.4196727756681,0.0,default
-196.61674131198816,276.66824635961314,0.0,default
-3.8055389229520507,235.67375592667506,0.0,default
-293.3409740010912,71.17162615760323,0.0,default
154.9363200499625,177.5493633369507,0.0,default
-49.340484099682136,-125.182880323147,0.0,default
-94.80867519090829,282.3135969273581,0.0,default
387.450813250958,75.95248756813977,0.0,default
-52.8813060281389,-162.03896459963633,0.0,default
-367.1550697301248,-127.93173951311265,0.0,default
-8.364442905376261,-301.38226436477686,0.0,default
168.6938565293972,278.73822520641545,0.0,default
62.065568842793425,-378.7548171687136,0.0,default
194.31396357452155,248.03926720395938,0.0,default
-352.2588253497656,-88.10110974393561,0.0,default
-284.79899659641484,139.39082217601958,0.0,default
-248.7728889897849,-256.301311621382,0.0,default
-182.90255023599985,113.37104450655056,0.0,default
-223.6961157079253,32.13038951176949,0.0,default
-210.4018575327923,68.53907148963143,0.0,default
175.452609332651,189.6541948119908,0.0,default
76.41354503841761,-29.60058435315928,0.0,default
320.25243803424326,108.11625155664598,0.0,default
-169.42800421971347,117.45562441471932,0.0,default
78.173855627964,-6.973321731028506,0.0,default
-59.08531147399548,376.05119488497564,0.0,default
-115.78800146546992,328.3844133982468,0.0,default
4.979207725525077,189.0266897046034,0.0,default
-140.77897897248457,-124.77347848098131,0.0,default
-342.77622048034135,-71.45525243507218,0.0,default
213.28370826654518,61.734196022276265,0.0,default
108.48691459618364,192.91078446014617,0.0,default
-52.575630185209995,145.79624681232627,0.0,default
-280.32545814385634,-196.07641251353346,0.0,default
335.66955033363587,-186.6742670099686,0.0,default
-249.91577874745903,-95.80625960488999,0.0,default
93.72525725929822,-216.65879865404824,0.0,default
115.69046744639083,-343.71234330699883,0.0,default
253.32586205980544,11.80636926685773,0.0,default
347.23262083151155,-144.81008262928017,0.0,default
-22.18809776413285,-195.14757516879996,0.0,default
-74.53567896437565,296.75164716856165,0.0,default
-84.83159165941642,-59.519302251696075,0.0,default
264.04904867584304,-122.86936829907334,0.0,default
53.82336470647074,128.05720147046222,0.0,default
-284.9191616340111,-99.85006559906586,0.0,default
-163.93751696131392,329.86157738849937,0.0,default
293.73418352703,-185.33406404445964,0.0,default
-255.8745517668954,-54.4818382841324,0.0,default
25.55303002705136,374.42436334077416,0.0,default
107.53514589169826,-320.2240833471394,0.0,default
-178.94809391154118,-114.50900680388301,0.0,default
71.38386239676265,-363.4751747298196,0.0,default
326.1295254384059,32.624312023517696,0.0,default
15.076512610360606,169.64613026298085,0.0,default
-287.1637821185475,34.339043825486954,0.0,default
-276.0128778869486,-151.66889484745434,0.0,default
-297.82639467488855,192.46468341437088,0.0,default
-171.1045519245631,305.9382380330244,0.0,default
68.88597585975042,-4.874239290014282,0.0,default
-132.42899134612264,-89.78660044940747,0.0,default
188.8634071250562,112.85550737873349,0.0,default
392.26152926107596,16.04413041141831,0.0,default
94.71346924823426,-74.5145975829632,0.0,default
259.60235228156955,165.243146959741,0.0,default
-33.87760178051236,-110.47821585768602,0.0,default
-104.64915985984025,123.87537063141774,0.0,default
-184.70400208537632,-344.20192670326406,0.0,default
39.13747125821009,203.52886867285858,0.0,default
-53.134184610576504,-356.6431913772926,0.0,default
-97.15002019050972,39.59564058952506,0.0,default
-68.78034675136578,-272.04446874931324,0.0,default
-270.0934744312167,-69.8097891473237,0.0,default
223.45873089706512,242.3094748626118,0.0,default
60.80547057664977,-187.16523677988738,0.0,default
237.02793348265064,166.00369801235604,0.0,default
219.88570513284097,-50.56162784279711,0.0,default
-73.32009968845885,142.76623807990998,0.0,default
-15.025091018033608,369.5292496999348,0.0,default
166.9715451159189,-208.6861843250007,0.0,default
-94.95054594515443,-327.28450710328434,0.0,default
325.945895360293,-184.53829590136982,0.0,default
-189.36916537261217,269.0508846170709,0.0,default
51.3541550351577,-58.614150720353244,0.0,default
-242.72078291663112,171.63532912077898,0.0,default
10.410098548333881,-160.24035118618414,0.0,default
109.20983742584693,-63.341107403906086,0.0,default
70.84503815289315,189.68433303347345,0.0,default
-151.5492930835266,-330.52674190103454,0.0,default
240.5855502086739,-250.59258878505773,0.0,default
325.43695727268135,52.972462919430264,0.0,default
-124.84608849176615,-220.91526582977423,0.0,default
246.0064774029624,-103.48358241090007,0.0,default
156.16227390665333,218.94474682999575,0.0,default
62.97543301225646,99.30651998577838,0.0,default
255.72202574708544,-213.95476879268995,0.0,default
229.3000672528858,-121.60908220041871,0.0,default
-168.97092939596268,337.7218389701874,0.0,default
-53.68835965228968,-336.6408187706772,0.0,default
-124.7811533756197,104.7638090698181,0.0,default
-153.93286823635907,-90.75913353346265,0.0,default
-68.92930948638565,-20.14793930883951,0.0,default
-55.09489273412858,-4.586622843138507,0.0,default
-194.21900322464882,305.15317965671494,0.0,default
-82.55731464955332,-191.97090751799416,0.0,default
389.65734642588455,61.64294368861116,0.0,default
-234.4457918895189,35.38276413080492,0.0,default
297.6724440866931,125.79846267990587,0.0,default
256.3790519505877,157.9116771377002,0.0,default
126.3438858096909,-290.92163666205175,0.0,default
-264.211077644116,175.72715878328853,0.0,default
-229.72212684651515,-189.32337336778812,0.0,default
166.5822297092332,-330.29317966015356,0.0,default
-193.36289253150719,-146.49133709719,0.0,default
-104.29775747141596,159.11255972573514,0.0,default
257.17970706232325,-114.73917373270598,0.0,default
255.49297760155022,135.7150749354912,0.0,default
160.60239245888238,165.00464225825326,0.0,default
3.780272792802498,-201.70755006812337,0.0,default
311.23821794669794,-63.7657066801796,0.0,default
64.35632500038668,-128.18330516148575,0.0,default
157.93381502226057,342.27973543073574,0.0,default
-314.0828610039286,-169.61491985119574,0.0,default
96.79913330630097,-281.8786932938283,0.0,default
-39.508253982321534,-220.90684815364853,0.0,default
163.01391760614976,294.14303853398724,0.0,default
97.07372243011424,-72.03804136482819,0.0,default
179.83107513430284,-218.0276779079052,0.0,default
-181.79545745522762,260.40503547152343,0.0,default
-347.20016441856416,-153.96759084671854,0.0,default
68.66385071098574,-28.973155907292117,0.0,default
-57.808702632159026,-91.50608228194564,0.0,default
268.73404002829477,193.5005880296152,0.0,default
383.6908093911844,-16.275249644394215,0.0,default
-119.77853211265926,-333.73187935817407,0.0,default
-310.21915675712535,-57.22951273007143,0.0,default
-264.03368838089574,-265.53306528006493,0.0,default
-4.184265030511309,-392.2303082622896,0.0,default
290.624768237381,-75.5804841417822,0.0,default
161.02795289271702,-195.0645394476502,0.0,default
-152.02752230066088,-325.7344875920599,0.0,default
-359.6400526078879,-49.295328860981776,0.0,default
-349.61471747043896,-149.66603022065698,0.0,default
-95.19530065955976,-23.397318263613883,0.0,default
265.6048670896335,-235.95583800226393,0.0,default
77.16524088649665,-125.0658513036018,0.0,default
297.49968351369137,246.48093511952584,0.0,default
211.68403792440088,249.78712742544587,0.0,default
281.5390288037234,-263.7835637197985,0.0,default
80.12855710261465,138.43043063880086,0.0,default
-295.2014044220659,187.55172670907757,0.0,default
203.89298499301339,-296.0181053189279,0.0,default
389.70116128260713,43.915999150636864,0.0,default
-166.41073110915602,219.77302130246525,0.0,default
-12.014461435695207,-18.62976570358462,0.0,default
100.04696030864537,305.0932429192832,0.0,default
144.99530919020643,-235.48212801354111,0.0,default
-184.38887786149664,338.73231883470606,0.0,default
107.12354203180814,127.83930460682446,0.0,default
-386.1705500564573,22.9729501071627,0.0,default
-295.6802527459724,115.14483743759516,0.0,default
-209.13369624608393,-256.8019804673368,0.0,default
308.9643249569795,-202.58215206922532,0.0,default
-95.70184520418564,-267.3454607973499,0.0,default
-85.88628145283376,191.59354423698636,0.0,default
-231.60971180378513,-190.11880997749196,0.0,default
175.06735822951666,-139.58457413726435,0.0,default
249.54019574495646,-198.61996205652403,0.0,default
-251.885290170231,164.07479850775889,0.0,default
-186.6797527583743,-172.1241973374077,0.0,default
-51.46309383393621,108.60742004216961,0.0,default
-296.68967131002705,245.5722536860919,0.0,default
-76.50831121182209,376.6284992882021,0.0,default
71.92610626501862,346.52132966481815,0.0,default
-72.48751251153179,-76.38884577179712,0.0,default
-249.05464151629647,267.4522899643155,0.0,default
-255.31372643788526,-189.1821058631309,0.0,default
10.448634965848429,-113.97572336852164,0.0,default
-20.625996514667726,-308.59128582873007,0.0,default
-159.20349650904,302.06891647607534,0.0,default
393.5500504585165,-14.328506870648598,0.0,default
243.26889341968786,-205.5522576229626,0.0,default
-252.45987744869603,-117.30905340752042,0.0,default
200.90816672096065,65.8713837574031,0.0,default
204.80207140267572,-286.12401063122036,0.0,default
251.220269839191,236.32035669933194,0.0,default
-132.88293060580594,-287.4013607221363,0.0,default
-333.65542812891465,-30.722963051440722,0.0,default
-17.983756873945286,-238.13022796624648,0.0,default
-222.206168802609,-202.52362436864252,0.0,default
-115.17858241688211,-14.773141285927347,0.0,default
-219.37809166516166,-58.771667531667205,0.0,default
327.7274724684449,64.00926137415225,0.0,default
112.225023582489,138.82864059073518,0.0,default
120.64082419647232,-16.554869398600264,0.0,default
60.748111102033924,232.75624075530564,0.0,default
-268.0706414839294,-250.57039706544055,0.0,default
-359.8242101057186,46.265341695293074,0.0,default
-302.32029110347713,89.49554380301515,0.0,default
-296.87746255691115,46.651258789399556,0.0,default
-182.3526038085768,-16.239950130659615,0.0,default
-36.875975070356354,226.1778963191529,0.0,default
-285.69832742325036,244.07150353336655,0.0,default
380.530871763225,105.90333932664605,0.0,default
398.84724617663426,5.4136206523849655,0.0,default
129.0140637180879,-375.1717369892849,0.0,default
-384.0645902993519,-17.506733954911393,0.0,default
86.94662973093614,-207.40014029872404,0.0,default
88.3183363929392,231.33828062729134,0.0,default
-253.00266558080347,-78.52618813214983,0.0,default
44.20987338679683,-263.6467139064466,0.0,default
201.36344961763595,283.19462143474425,0.0,default
-141.3735181193778,-366.39360820100177,0.0,default
-144.22179604757767,-234.4019625151823,0.0,default
-143.2261668939903,215.47567281389448,0.0,default
265.71807164223605,-177.16720689213278,0.0,default
-353.8605839428769,166.4376421542461,0.0,default
250.60487761653428,-112.74179397267353,0.0,default
190.13188684857857,-142.47742134933316,0.0,default
155.05186084192647,-175.36119289148394,0.0,default
273.54583429757486,43.240635342055775,0.0,default
262.51197482608046,258.7734667949859,0.0,default
1.6497657991688248,-379.3995715020454,0.0,default
57.09622884413078,168.99580543246614,0.0,default
20.087612751029987,-54.76102876356699,0.0,default
-349.2709239264468,-45.15640562933966,0.0,default
-230.31660693464107,-273.42411277967483,0.0,default
270.98226222681114,178.621292803778,0.0,default
-379.1417324424987,4.845550069749331,0.0,default
-375.96970190210794,-42.07885287398735,0.0,default
37.8084800184347,-66.43506474439198,0.0,default
-16.451923436680946,-194.26131535680793,0.0,default
-251.51881943527246,4.970564001408654,0.0,default
35.25109522464575,241.79896394776995,0.0,default
159.92916547399278,244.61077868981744,0.0,default
-21.70848868737652,-388.1397527712565,0.0,default
397.96911640727865,0.013844533568144425,0.0,default
61.45474396238358,17.91375868031777,0.0,default
-191.2984381730686,-107.54274016896748,0.0,default
-116.0793757890685,-88.38296946789103,0.0,default
392.70337804778967,53.66309178217028,0.0,default
335.62252827673547,-0.4441684604969457,0.0,default
342.88703574576124,-113.90403484254136,0.0,default
-120.02384502777743,163.3425187249094,0.0,default
93.2088175425839,-195.09582014389412,0.0,default
300.0276834779193,-1.9421965356830686,0.0,default
293.60686086595246,-18.36946749809298,0.0,default
102.40266799826271,-192.77636903805663,0.0,default
-263.5863179469359,138.0592493781584,0.0,default
-166.03544825101858,168.31266219257012,0.0,default
-202.93930966354122,-295.7586657571039,0.0,default
-193.43053612167415,-5.272128155011511,0.0,default
129.33700485697537,237.37873659755806,0.0,default
-145.7534227242722,-276.49193040900485,0.0,default
224.4794661611792,-25.37577647187105,0.0,default
-35.072376624126,-327.842403244785,0.0,default
361.2726779672814,-46.766963954674424,0.0,default
-184.2687847006505,176.15658026133147,0.0,default
195.08152296363087,94.08249523876036,0.0,default
-50.74832893160447,-375.34860711566864,0.0,default
72.05950924073186,204.95440583020834,0.0,default
-29.912264887199154,-324.93756199924206,0.0,default
-59.376259262105094,315.4862898825404,0.0,default
-323.14246872840084,168.6626690116206,0.0,default
126.55704139990017,-263.04344761179533,0.0,default
183.14698750261994,-178.46470403533476,0.0,default
334.9444098880169,153.6407414628823,0.0,default
-274.26469745668453,-70.626703405349,0.0,default
-145.79779135562214,-279.7012539794422,0.0,default
137.69472332804747,359.0148654458849,0.0,default
10.209566408947738,-126.16047903390653,0.0,default
-286.38586170268724,-110.20441420380816,0.0,default
-24.161192679651172,15.688323143136529,0.0,default
185.15537451702505,125.70735701093595,0.0,default
-19.066343577752377,296.41420048517784,0.0,default
128.81199248693196,-165.3066783026869,0.0,default
163.73545408052618,253.5354238770688,0.0,default
132.01321756155576,-27.3070713753081,0.0,default
-328.7634086327646,143.75417019796566,0.0,default
273.34625475534426,249.99841548358725,0.0,default
-164.24902231172598,362.6309592414848,0.0,default
-329.26112251929374,-161.4526164840263,0.0,default
-85.29626215178395,206.33271249498875,0.0,default
84.25040993369015,-313.9208948032599,0.0,default
72.44230535160973,327.6975033810074,0.0,default
-369.46597910482905,-115.74028045180833,0.0,default
141.28365466777655,-118.32089189643676,0.0,default
-201.7327357612235,-134.37243995387095,0.0,default
61.87939324499937,244.6129065692988,0.0,default
-120.42289957610576,-156.03606277357602,0.0,default
-189.48854305568017,345.68742988780195,0.0,default
-147.90761353605467,-46.331829434845076,0.0,default
-175.67716954458805,-303.83821671680005,0.0,default
-15.189863266466984,-308.3478975587063,0.0,default
138.6503642899793,38.647602589970724,0.0,default
37.04100719308838,-246.65103763910275,0.0,default
-82.09411180758612,229.8991372862946,0.0,default
-124.04499871558978,-244.8116965837313,0.0,default
360.9207248189486,91.8413406094601,0.0,default
-106.16408582747299,-308.9288432404849,0.0,default
169.158613059104,-305.8057316102508,0.0,default
241.75327513965988,113.44495446801523,0.0,default
-155.66402006102038,8.394225534253042,0.0,default
-23.903250890297695,-234.8232118285291,0.0,default
-295.5325885340577,-53.09304214326434,0.0,default
246.9301446848672,89.1400396995089,0.0,default
-216.08989577342624,186.8912417754541,0.0,default
250.35158358616414,-143.89113735773213,0.0,default
-301.4441107327886,-41.45370584505801,0.0,default
-195.47248029653446,100.55760961529296,0.0,default
149.3422330233243,353.94598145556205,0.0,default
-90.99734819451892,78.6551217254497,0.0,default
-179.59622165365784,174.91586841426806,0.0,default
-294.34166005453477,236.677892510988,0.0,default
133.32537431799432,293.0905486108139,0.0,default
-39.326048739169124,-38.66798762209111,0.0,default
102.81371940419282,143.6584234468467,0.0,default
-257.3744391329825,-35.93625389983944,0.0,default
254.2048519702597,253.6223193052066,0.0,default
124.49714698095626,-42.41165192319947,0.0,default
55.346906008256056,35.05736491503007,0.0,default
-19.735023267378608,265.76968999054947,0.0,default
-325.2204037086411,-5.034897538232943,0.0,default
342.5014653517535,-108.90734738987317,0.0,default
-185.00614091541087,315.1599706057382,0.0,default
183.49867516302092,-87.2267339773809,0.0,default
1.805861046338958,-368.83196346598334,0.0,default
80.04227084160172,-363.2225856791035,0.0,default
20.650288534022653,-337.67864707396797,0.0,default
121.18021089909638,-360.86294816960526,0.0,default
-23.056144484080313,-109.43071753113303,0.0,default
-336.974598347181,-170.48014571548234,0.0,default
117.00601066989094,-224.37821740156534,0.0,default
78.87430825408897,-118.48330640295346,0.0,default
105.88147432081978,-160.10756152194864,0.0,default
16.915407444994617,358.0292002575012,0.0,default
68.59534070181014,151.23165294664125,0.0,default
152.62741154378682,-151.9003587355956,0.0,default
-24.33561731234458,115.13792169721889,0.0,default
-191.59780357380663,180.86876092767432,0.0,default
-222.87151398124792,201.08218673193878,0.0,default
-35.31073888215622,-269.6934022581874,0.0,default
209.70099770012737,-41.83705846225421,0.0,default
-268.6972141329516,96.82863187310065,0.0,default
-171.90705302840942,-74.33248834614287,0.0,default
76.95552692572116,-3.4565849238475335,0.0,default
-177.44559193913216,334.309179435513,0.0,default
88.04386715523373,-380.42201117635983,0.0,default
-212.80054021833283,-120.44779226866,0.0,default
255.95638598205477,-118.2159807293896,0.0,default
127.89312522359248,23.49030607530479,0.0,default
-393.74243406624146,1.1682431449698063,0.0,default
200.78217800457438,-116.60464802743181,0.0,default
213.90764837216017,320.310885175086,0.0,default
367.9577701282224,-134.55656905037367,0.0,default
299.14896450726167,-262.8594239275798,0.0,default
8.904489944441039,-197.74738670707748,0.0,default
-249.26400671176845,-4.557350602039408,0.0,default
252.9786417780659,-42.64430637985955,0.0,default
35.858940343155425,100.22877366734915,0.0,default
126.2230892929808,-326.61947383101,0.0,default
-120.32248876561812,-79.96494863282643,0.0,default
55.90793264174923,29.84743062213355,0.0,default
-332.0632359803998,-219.28368315187214,0.0,default
-140.3919210353021,-44.24261672387143,0.0,default
311.2216524894048,188.65001332541487,0.0,default
189.64460943077594,-66.7732141648228,0.0,default
266.6482343025441,-201.28966034721503,0.0,default
-100.8937314164039,310.3874895381356,0.0,default
-310.1998168913926,177.27267486865074,0.0,default
-291.3609137242105,236.7515875289909,0.0,default
-319.1398173805644,210.32596146513637,0.0,default
-272.8700070928243,158.8876611323642,0.0,default
20.7347999175296,97.33607507853816,0.0,default
123.54264599784199,213.9453827620472,0.0,default
-179.130075032691,-176.66929300899466,0.0,default
74.98248738385325,-40.63635531836847,0.0,default
-212.32176194769124,256.69776138868934,0.0,default
79.69953011281915,-177.90481287537241,0.0,default
-337.7732890305458,19.47264313285801,0.0,default
210.04892521092972,156.87703643450897,0.0,default
232.76284997745617,-240.58999227318213,0.0,default
138.36278570073745,116.93831046235275,0.0,default
-322.2789810984872,23.946850768000715,0.0,default
169.12736549475758,171.39758446824865,0.0,default
1.8715467312145246,-259.6071939384031,0.0,default
-42.36064391742692,-114.08041334257753,0.0,default
-236.74504017896973,-99.45919406526373,0.0,default
7.1889762467104505,-326.9871432253785,0.0,default
191.95804741713962,-92.15937153654068,0.0,default
140.87554337170383,213.0082505014537,0.0,default
103.60135097851655,-107.17098600968943,0.0,default
172.7452018293046,189.0775273313382,0.0,default
142.1461646287568,-90.12622742524114,0.0,default
-64.29123607704267,213.57021859446203,0.0,default
-252.87046647264978,221.83446344598417,0.0,default
-137.5958247362462,-371.46461945470213,0.0,default
161.82186319016725,27.68733398813569,0.0,default
101.01768077468589,-72.66516501961175,0.0,default
-18.38181543043265,-124.5784625878939,0.0,default
97.65458112440325,-287.55466482796504,0.0,default
41.03126831581261,-217.76042282800395,0.0,default
80.33633456797567,-276.28102256229556,0.0,default
-143.46822933377288,59.21627636951132,0.0,default
-14.959369040727605,-391.51111996760136,0.0,default
-315.2349233137196,15.626960777624202,0.0,default
-196.361152827659,188.70128022687842,0.0,default
-226.74762593907937,-0.8009874417799575,0.0,default
-215.26870178723584,188.59955885385162,0.0,default
292.58903571468653,145.9171533151168,0.0,default
145.98007425209167,-231.55568711713798,0.0,default
69.48653694561756,-139.65983765789645,0.0,default
-118.89725155606537,270.6478648125905,0.0,default
-245.36036917221426,251.7356499730102,0.0,default
5.645155243569709,203.2240684569901,0.0,default
-73.48963296975543,24.753631589368858,0.0,default
-354.37078508655196,-22.11829425956621,0.0,default
86.71344805633983,165.7638956796342,0.0,default
393.6684239921092,-34.31192317082546,0.0,default
275.0139280119687,29.2569354172677,0.0,default
-203.28250321812453,-271.64901387256197,0.0,default
239.48204439003783,110.64500161373286,0.0,default
199.7118352169222,-305.59370831105196,0.0,default
278.67002910888675,257.3743441207679,0.0,default
160.98952989111442,-313.1271247570838,0.0,default
-135.92679791363605,-278.578754640756,0.0,default
-341.8731364362039,-19.84676679645465,0.0,default
-327.90641714953074,100.38132198154939,0.0,default
114.96396833433356,26.936021438338038,0.0,default
-230.27369051261525,256.0882554189668,0.0,default
179.39148228013354,96.81026043450831,0.0,default
-214.4393378931704,-151.53661617395,0.0,default
-122.89730216246141,-234.62194047295685,0.0,default
250.31483666349843,185.23552665761142,0.0,default
-178.55487876761433,-222.03775233221222,0.0,default
-73.16861071026254,-306.5670196693251,0.0,default
50.88589242645556,-77.66979755663218,0.0,default
-275.7370472064986,286.5823379298927,0.0,default
-307.8445596216834,191.40930815359448,0.0,default
-272.3055449435037,-272.64174264470245,0.0,default
-343.71933932795463,-115.90844396900138,0.0,default
-251.26435151727605,-267.52931529272956,0.0,default
-6.725753940732294,-172.68954880707355,0.0,default
-87.87929543025179,-288.9332152783326,0.0,default
-337.8882260743109,34.04316318894427,0.0,default
322.97948129469734,5.400787136495674,0.0,default
-7.565989786700453,-268.125166955607,0.0,default
-96.46137079751504,146.80774493234864,0.0,default
141.84214830634204,65.10361672428189,0.0,default
-131.09585520060457,75.06242122026555,0.0,default
203.45595629411696,-275.5038354869846,0.0,default
-139.5903182815161,-134.02045508152625,0.0,default
288.26202627410413,38.64108374709075,0.0,default
166.94253447217943,13.002713836717168,0.0,default
-176.99146872057455,-317.9745624443474,0.0,default
-52.609209968965594,213.2889663117091,0.0,default
-3.5278244816120625,147.52010079535296,0.0,default
110.92154973896467,-134.73920398137844,0.0,default
216.61051246914818,167.71321405154194,0.0,default
-15.42613912709464,-84.36229498608141,0.0,default
134.7171042366816,30.360156609940127,0.0,default
137.8279069395528,35.54235852978532,0.0,default
-107.60604223801782,303.6511786332937,0.0,default
16.047450351406,-118.57658754696563,0.0,default
-203.21251192968003,-207.31144498835738,0.0,default
166.8336935951202,-222.88795250631364,0.0,default
-309.0039636029916,168.7149784034305,0.0,default
-255.86692606714013,215.35938093756698,0.0,default
-136.8329381419877,356.34549576271326,0.0,default
-363.01355573284087,156.49462327938357,0.0,default
-2.648364481111395,-32.86706704463507,0.0,default
213.81369028555108,-113.42111303263628,0.0,default
-380.0185004532277,15.869949243310856,0.0,default
-177.62941877344716,-256.8327948980479,0.0,default
334.15104568886693,63.966415728353056,0.0,default
95.74535742248449,-149.1078153091366,0.0,default
165.7483944407311,-141.97127056540927,0.0,default
-259.27834569864746,-277.09139401124287,0.0,default
-53.07796205875664,-20.217969820966303,0.0,default
-122.79200023204936,-259.4019403770513,0.0,default
47.17848999580001,-57.599388403887275,0.0,default
204.6775816536692,-233.53178266681888,0.0,default
-12.370508296308026,-165.93672745933725,0.0,default
59.51121170748385,-220.6236546038392,0.0,default
223.1825575125634,-255.97785299588176,0.0,default
-357.6029933914447,-54.70979223637971,0.0,default
-77.8228412718112,-114.36810711823699,0.0,default
-68.32578559219563,-131.9820634084312,0.0,default
239.77928450289875,-227.7522353101298,0.0,default
89.1011518821858,355.2939483466733,0.0,default
199.68406003196972,295.07114424737,0.0,default
-83.91481763051982,12.380323879717904,0.0,default
231.76698480616824,-53.16712082469782,0.0,default
74.97480848209761,-299.8520839199141,0.0,default
-105.16743058862795,348.23651433556705,0.0,default
-100.41704520038482,-55.18560549020942,0.0,default
76.50943605798034,-96.30569058901659,0.0,default
-156.5812661276695,272.9945565907745,0.0,default
-113.43123671179742,-284.2397150641357,0.0,default
377.70727072513137,-95.54676232710068,0.0,default
33.78670872542131,-51.16371511028242,0.0,default
192.68372694279913,-281.0205735403317,0.0,default
301.85560009272126,-253.40663075428205,0.0,default
-124.69826862369145,-140.25571718979802,0.0,default
123.3677550309698,-71.90990706135804,0.0,default
-391.4961920720459,50.41873547879362,0.0,default
309.267075666819,225.13876425643411,0.0,default
130.84695922950496,-368.71818012409926,0.0,default
256.2855491283645,-26.058411858122064,0.0,default
227.2221364497663,-14.914464206538428,0.0,default
22.52355861417385,4.604094165604592,0.0,default
274.0176320421828,-14.261844202589732,0.0,default
-48.39553515085328,183.77412369208565,0.0,default
-105.6420764685666,112.28522453559549,0.0,default
-4.821440249972787,-235.00047344652748,0.0,default
-23.44214630481388,-323.7929586494561,0.0,default
-29.559688105931084,141.48119395009425,0.0,default
-323.6583240316329,-180.7360537343522,0.0,default
56.85840917243226,-198.16570044265228,0.0,default
304.07604801521364,-133.7209094673223,0.0,default
45.97013622941106,210.10158931146196,0.0,default
224.88772037070163,109.94007519308444,0.0,default
144.5675956392782,128.1040144868142,0.0,default
-23.73909917504615,157.01895981984427,0.0,default
191.09163261794475,205.21384066226943,0.0,default
-60.00207997409315,-196.95906358102798,0.0,default
191.1718049388042,-178.32175110634458,0.0,default
258.15140061674,-249.2770391973215,0.0,default
256.8548777457147,203.38784359728464,0.0,default
-89.05680895476888,315.57574759041125,0.0,default
263.1017757994654,-131.51066583818533,0.0,default
-128.85972644209681,325.3797866987534,0.0,default
214.30249851519943,-269.46124850325765,0.0,default
-85.75812079167319,38.66436383449703,0.0,default
-152.89527674448024,289.7530094384527,0.0,default
190.8108209201244,-147.2765927693513,0.0,default
-262.66036513277976,284.42611382880193,0.0,default
112.47240047148485,267.0400541789408,0.0,default
158.84344882312638,-7.253630367458882,0.0,default
191.05913873872066,-294.75986930284336,0.0,default
119.92479921473455,48.009034059077564,0.0,default
173.61107761330018,-207.73205519301058,0.0,default
371.9235196578465,-136.81488870017185,0.0,default
-48.52289643935693,387.0913904070765,0.0,default
156.11410219700502,322.34336378095855,0.0,default
133.15129009560607,204.25014974802423,0.0,default
-16.250435690946357,139.41950545103782,0.0,default
-241.5507851480953,-131.0310056139165,0.0,default
-111.00867169627827,122.5595552544229,0.0,default
-281.8782888883471,234.20809164798106,0.0,default
-307.2991413650233,-217.69816805373463,0.0,default
199.3326383954509,78.5573874307237,0.0,default
93.35325093162744,-386.50118452942036,0.0,default
-209.40378570876155,245.19287610824347,0.0,default
234.24399598852315,23.676518501838967,0.0,default
222.3593685551485,306.54636366351644,0.0,default
193.4960112333395,136.71841834323016,0.0,default
181.64323225886318,40.98164117659552,0.0,default
-52.873492131846874,132.37423501808883,0.0,default
105.54903317292658,284.2788661013069,0.0,default
130.63638809656848,-365.56722149283604,0.0,default
-149.86863356819757,90.32050936648004,0.0,default
358.49943630529896,147.93076362493505,0.0,default
230.98061465072496,116.95466146614052,0.0,default
-13.590711522699783,-166.11313261310704,0.0,default
-78.46532342773713,75.97255304729119,0.0,default
-362.04652080416764,74.2370643977937,0.0,default
-268.656660846114,-61.912780662483705,0.0,default
-215.52586307069421,-210.3068715389225,0.0,default
-87.52547491797922,-223.56877690174258,0.0,default
-103.45633545193178,-336.2476641124629,0.0,default
38.94369050778126,219.10759442107158,0.0,default
-155.3170456115318,-74.68336721297636,0.0,default
248.11129904158915,275.83522281319534,0.0,default
-195.23799197623595,224.76587938540635,0.0,default
-351.72260339643054,-83.62526271037821,0.0,default
-298.68226120353347,42.34529496676991,0.0,default
-310.5767828216865,99.18235751113883,0.0,default
257.3407600751062,116.49768875116835,0.0,default
-77.95715431970005,-118.15506050160533,0.0,default
-289.82791243219776,233.0330371013904,0.0,default
-26.218994252758,-41.507757051265,0.0,default
115.56995904829998,79.35399315030506,0.0,default
-258.47452205179957,-276.95563180252196,0.0,default
239.5552806878734,71.09345817134195,0.0,default
-259.05496414334937,235.2713163407298,0.0,default
-80.82019135282621,367.6448797646757,0.0,default
204.76901433940938,-197.56063412421904,0.0,default
-114.7052687425798,176.22249105149135,0.0,default
-140.20129986563154,-22.014249149496777,0.0,default
43.978018961541146,-205.86806193006058,0.0,default
-285.1818473512689,-55.159627024561054,0.0,default
-92.14411538688671,-55.000169264191825,0.0,default
-384.850781280522,0.7634996764510223,0.0,default
185.6957858198461,334.23442081372247,0.0,default
-4.477078881824015,-4.3891353504318245,0.0,default
-143.46997664818647,188.07993975470453,0.0,default
277.82830090947533,181.66974993608676,0.0,default
-30.30470635979897,104.59698533353837,0.0,default
-208.60984816131457,175.3616250124718,0.0,default
136.67996833756777,-140.4687216712018,0.0,default
5.658351355168945,331.8693531519237,0.0,default
25.28310413027255,33.5068760096509,0.0,default
-45.757240275912274,-51.9095782925275,0.0,default
-107.34390625679103,-214.3513435969274,0.0,default
-179.81612740241306,-81.59439666215802,0.0,default
-152.90568466397747,54.052027272992476,0.0,default
264.2238375122379,-263.3038396624216,0.0,default
-47.151550022076194,-236.7280633246113,0.0,default
77.68841029535112,-211.22976755329648,0.0,default
-11.253191980068323,380.6629799543511,0.0,default
-380.0684706629439,-111.20822312386021,0.0,default
256.1044320987628,292.46366728645046,0.0,default
-350.9334917474739,-135.2105379340859,0.0,default
264.7597088209623,-97.4201205736579,0.0,default
-155.43839141028295,208.6718316065814,0.0,default
-59.40373064973508,171.71819457328533,0.0,default
-143.24078889298127,-169.8750456129037,0.0,default
80.14371971680937,-68.38665881544338,0.0,default
-50.655586853578214,41.50811880113594,0.0,default
-59.05061942239797,357.57467762157415,0.0,default
180.72505082340948,-15.528729561426722,0.0,default
-96.11852487507805,-59.83943010627602,0.0,default
-102.42326848264872,-75.7452026815051,0.0,default
-261.47984857215647,-152.12753708438746,0.0,default
-208.48621324283073,-176.12987912634526,0.0,default
-345.17633497139593,2.497311775645761,0.0,default
-104.58433135054757,94.99799216645654,0.0,default
-18.33022846172073,-28.85108467198198,0.0,default
125.30748527084421,368.41389108496645,0.0,default
-278.9444474544215,77.17129964411772,0.0,default
-271.92808117590295,54.501760667329734,0.0,default
-254.24013849260353,-237.04634808463507,0.0,default
-198.2971920645594,-66.76147204497418,0.0,default
-66.00942740857178,308.88357206941356,0.0,default
238.4003396287946,239.07815828751762,0.0,default
29.12244702904634,349.2194117162032,0.0,default
-77.14065990134216,-142.77852141607184,0.0,default
-175.50549809862963,139.95681479156391,0.0,default
-20.704868177264984,63.35154060480818,0.0,default
-60.18993322383489,235.27515736725968,0.0,default
-162.13215504746765,74.45555262796037,0.0,default
-137.1987001183996,-210.74919539130312,0.0,default
-237.15925727934572,104.53989329839379,0.0,default
267.94463987182655,160.42389093099865,0.0,default
-25.50799312367993,-305.2912434829814,0.0,default
162.53226649150642,146.83679871790812,0.0,default
49.970600711251194,-253.07677875619885,0.0,default
-6.875081886001799,-12.640624875250994,0.0,default
204.8271119612215,-62.4188284494251,0.0,default
4.2940020601025966,-74.11958529082978,0.0,default
-330.5756539440702,117.36037087717013,0.0,default
-76.01255734858458,-119.47304319539477,0.0,default
-251.48158694202252,70.99209232834659,0.0,default
42.580244815440764,372.5394086617332,0.0,default
118.35980230394065,250.12794866988045,0.0,default
186.38781674340038,332.6255150770812,0.0,default
-374.6899205173048,90.61725089701525,0.0,default
-94.10567778600726,218.5492614828103,0.0,default
-364.027686540561,159.15112731711764,0.0,default
190.3447331698351,-39.333341288554536,0.0,default
272.4252400440568,67.94974755456269,0.0,default
-76.17061212013722,-299.3514371486727,0.0,default
328.42562944095084,-124.0327423246842,0.0,default
-295.5211354480891,-187.92803583019636,0.0,default
-339.3577078331251,151.94441028441844,0.0,default
54.425755715007796,277.269356416922,0.0,default
-146.58159560462295,-272.6679657616549,0.0,default
249.22113716674042,221.18056639595778,0.0,default
137.2235035705359,-23.17832830571453,0.0,default
71.58411732425125,-27.377713405706903,0.0,default
341.57142017444806,176.74660535040718,0.0,default
35.03019020672629,-94.58259040645798,0.0,default
-339.3615638097658,23.074514159949853,0.0,default
147.1403467431827,-308.8162197539022,0.0,default
114.94897625832836,-110.15680068034703,0.0,default
-62.67414271828064,4.125142813349131,0.0,default
-47.23274838398764,35.48963725073589,0.0,default
-125.19008756147437,27.179261256025796,0.0,default
-84.20230590852462,81.55047723774773,0.0,default
-160.871806227178,-309.82218464057814,0.0,default
53.039565772750684,-288.38268258625243,0.0,default
135.69054770132556,94.13791614842853,0.0,default
